,Keyword,Company,Ticker,Code,Source,Stock Price,Search Volume
0,Popmart,Pop Mart International Group Limited,9992,HK,yfinance,"12/31/2020: 79.75, 01/31/2021: 72.06, 02/28/2021: 87.54, 03/31/2021: 57.79, 04/30/2021: 62.61, 05/31/2021: 67.68, 06/30/2021: 75.17, 07/31/2021: 55.55, 08/31/2021: 57.35, 09/30/2021: 51.98, 10/31/2021: 44.86, 11/30/2021: 52.62, 12/31/2021: 43.78, 01/31/2022: 37.58, 02/28/2022: 38.22, 03/31/2022: 33.58, 04/30/2022: 35.34, 05/31/2022: 29.53, 06/30/2022: 37.21, 07/31/2022: 17.67, 08/31/2022: 20.08, 09/30/2022: 14.18, 10/31/2022: 9.97, 11/30/2022: 17.02, 12/31/2022: 19.46, 01/31/2023: 24.89, 02/28/2023: 21.40, 03/31/2023: 21.01, 04/30/2023: 18.59, 05/31/2023: 16.98, 06/30/2023: 17.20, 07/31/2023: 21.67, 08/31/2023: 25.17, 09/30/2023: 22.85, 10/31/2023: 21.27, 11/30/2023: 23.15, 12/31/2023: 19.99, 01/31/2024: 17.29, 02/29/2024: 19.33, 03/31/2024: 28.38, 04/30/2024: 33.46, 05/31/2024: 36.95, 06/30/2024: 38.09, 07/31/2024: 41.28, 08/31/2024: 45.66, 09/30/2024: 53.03, 10/31/2024: 70.21, 11/30/2024: 89.48, 12/31/2024: 89.63, 01/31/2025: 93.51, 02/28/2025: 103.77, 03/31/2025: 155.86, 04/30/2025: 193.01, 05/31/2025: 220.40, 06/30/2025: 239.60","07/01/2020: 42897, 08/01/2020: 37948, 09/01/2020: 67646, 10/01/2020: 70121, 11/01/2020: 49497, 12/01/2020: 36298, 01/01/2021: 70946, 02/01/2021: 35473, 03/01/2021: 92395, 04/01/2021: 81670, 05/01/2021: 61046, 06/01/2021: 35473, 07/01/2021: 62696, 08/01/2021: 45372, 09/01/2021: 42897, 10/01/2021: 33823, 11/01/2021: 31348, 12/01/2021: 19798, 01/01/2022: 61046, 02/01/2022: 23098, 03/01/2022: 37948, 04/01/2022: 35473, 05/01/2022: 30523, 06/01/2022: 41247, 07/01/2022: 30523, 08/01/2022: 23098, 09/01/2022: 22273, 10/01/2022: 29698, 11/01/2022: 25573, 12/01/2022: 24748, 01/01/2023: 23923, 02/01/2023: 16499, 03/01/2023: 19798, 04/01/2023: 16499, 05/01/2023: 19798, 06/01/2023: 14849, 07/01/2023: 19798, 08/01/2023: 18149, 09/01/2023: 17324, 10/01/2023: 23098, 11/01/2023: 18974, 12/01/2023: 28048, 01/01/2024: 16499, 02/01/2024: 18974, 03/01/2024: 28048, 04/01/2024: 34648, 05/01/2024: 29698, 06/01/2024: 43722, 07/01/2024: 51972, 08/01/2024: 63521, 09/01/2024: 62696, 10/01/2024: 105594, 11/01/2024: 103119, 12/01/2024: 136942, 01/01/2025: 116318, 02/01/2025: 103119, 03/01/2025: 133643, 04/01/2025: 141892, 05/01/2025: 196339, 06/01/2025: 287910"
1,Sanrio blind box,Sanrio Company,8136,T,yfinance,"06/30/2020: 551.89, 07/31/2020: 506.23, 08/31/2020: 586.97, 09/30/2020: 626.67, 10/31/2020: 634.28, 11/30/2020: 521.12, 12/31/2020: 466.53, 01/31/2021: 514.50, 02/28/2021: 576.05, 03/31/2021: 580.35, 04/30/2021: 585.64, 05/31/2021: 599.54, 06/30/2021: 650.49, 07/31/2021: 616.08, 08/31/2021: 722.29, 09/30/2021: 855.30, 10/31/2021: 842.07, 11/30/2021: 820.23, 12/31/2021: 826.85, 01/31/2022: 732.22, 02/28/2022: 776.89, 03/31/2022: 829.82, 04/30/2022: 905.59, 05/31/2022: 866.22, 06/30/2022: 1020.74, 07/31/2022: 1010.81, 08/31/2022: 1215.95, 09/30/2022: 1236.06, 10/31/2022: 1317.46, 11/30/2022: 1503.54, 12/31/2022: 1588.27, 01/31/2023: 1641.43, 02/28/2023: 1370.63, 03/31/2023: 1970.38, 04/30/2023: 2086.68, 05/31/2023: 1854.08, 06/30/2023: 2049.13, 07/31/2023: 2199.32, 08/31/2023: 2522.62, 09/30/2023: 2366.67, 10/31/2023: 2133.33, 11/30/2023: 2023.00, 12/31/2023: 1959.67, 01/31/2024: 2062.67, 02/29/2024: 2796.33, 03/31/2024: 3028.00, 04/30/2024: 2669.50, 05/31/2024: 2423.50, 06/30/2024: 2958.00, 07/31/2024: 3216.00, 08/31/2024: 3720.00, 09/30/2024: 4130.00, 10/31/2024: 4182.00, 11/30/2024: 4938.00, 12/31/2024: 5540.00, 01/31/2025: 5830.00, 02/28/2025: 6326.00, 03/31/2025: 6870.00, 04/30/2025: 5684.00, 05/31/2025: 6342.00, 06/30/2025: 6910.00","07/01/2020: 0, 08/01/2020: 158, 09/01/2020: 105, 10/01/2020: 0, 11/01/2020: 52, 12/01/2020: 52, 01/01/2021: 0, 02/01/2021: 0, 03/01/2021: 52, 04/01/2021: 95, 05/01/2021: 855, 06/01/2021: 200, 07/01/2021: 1225, 08/01/2021: 496, 09/01/2021: 126, 10/01/2021: 179, 11/01/2021: 422, 12/01/2021: 845, 01/01/2022: 496, 02/01/2022: 179, 03/01/2022: 485, 04/01/2022: 961, 05/01/2022: 1415, 06/01/2022: 876, 07/01/2022: 443, 08/01/2022: 179, 09/01/2022: 897, 10/01/2022: 855, 11/01/2022: 1447, 12/01/2022: 1700, 01/01/2023: 1637, 02/01/2023: 1236, 03/01/2023: 665, 04/01/2023: 760, 05/01/2023: 454, 06/01/2023: 993, 07/01/2023: 1394, 08/01/2023: 802, 09/01/2023: 665, 10/01/2023: 961, 11/01/2023: 897, 12/01/2023: 1109, 01/01/2024: 707, 02/01/2024: 1035, 03/01/2024: 1309, 04/01/2024: 1066, 05/01/2024: 824, 06/01/2024: 1309, 07/01/2024: 855, 08/01/2024: 507, 09/01/2024: 1151, 10/01/2024: 1679, 11/01/2024: 1214, 12/01/2024: 1764, 01/01/2025: 1806, 02/01/2025: 1700, 03/01/2025: 1077, 04/01/2025: 802, 05/01/2025: 1024, 06/01/2025: 1236"
2,Wellcore,Bunzl Group,BNZL,LSE,EODHD,"06/30/2020: 2166.00, 07/31/2020: 2198.00, 08/31/2020: 2422.00, 09/30/2020: 2507.00, 10/31/2020: 2400.00, 11/30/2020: 2359.00, 12/31/2020: 2443.00, 01/31/2021: 2350.00, 02/28/2021: 2237.00, 03/31/2021: 2323.00, 04/30/2021: 2327.00, 05/31/2021: 2285.00, 06/30/2021: 2389.00, 07/31/2021: 2666.00, 08/31/2021: 2636.00, 09/30/2021: 2455.00, 10/31/2021: 2702.00, 11/30/2021: 2868.00, 12/31/2021: 2885.00, 01/31/2022: 2767.00, 02/28/2022: 2969.00, 03/31/2022: 2968.00, 04/30/2022: 3103.00, 05/31/2022: 2767.00, 06/30/2022: 2719.00, 07/31/2022: 3071.00, 08/31/2022: 2861.00, 09/30/2022: 2760.00, 10/31/2022: 2841.00, 11/30/2022: 3048.00, 12/31/2022: 2759.00, 01/31/2023: 2970.00, 02/28/2023: 2964.00, 03/31/2023: 3057.00, 04/30/2023: 3164.00, 05/31/2023: 3144.00, 06/30/2023: 2999.00, 07/31/2023: 2888.00, 08/31/2023: 2830.00, 09/30/2023: 2926.00, 10/31/2023: 2932.00, 11/30/2023: 3002.00, 12/31/2023: 3190.00, 01/31/2024: 3215.00, 02/29/2024: 3153.00, 03/31/2024: 3048.00, 04/30/2024: 3074.00, 05/31/2024: 2936.00, 06/30/2024: 3010.00, 07/31/2024: 3258.00, 08/31/2024: 3540.00, 09/30/2024: 3534.00, 10/31/2024: 3412.00, 11/30/2024: 3558.00, 12/31/2024: 3296.00, 01/31/2025: 3448.00, 02/28/2025: 3368.00, 03/31/2025: 2966.00, 04/30/2025: 2350.00, 05/31/2025: 2376.00, 06/30/2025: 2252.00","07/01/2020: 0, 08/01/2020: 0, 09/01/2020: 1130, 10/01/2020: 0, 11/01/2020: 86, 12/01/2020: 0, 01/01/2021: 0, 02/01/2021: 2000, 03/01/2021: 521, 04/01/2021: 2261, 05/01/2021: 2000, 06/01/2021: 260, 07/01/2021: 1739, 08/01/2021: 1913, 09/01/2021: 0, 10/01/2021: 0, 11/01/2021: 0, 12/01/2021: 86, 01/01/2022: 86, 02/01/2022: 173, 03/01/2022: 0, 04/01/2022: 0, 05/01/2022: 173, 06/01/2022: 86, 07/01/2022: 260, 08/01/2022: 0, 09/01/2022: 0, 10/01/2022: 0, 11/01/2022: 0, 12/01/2022: 10436, 01/01/2023: 173, 02/01/2023: 2087, 03/01/2023: 956, 04/01/2023: 869, 05/01/2023: 7044, 06/01/2023: 3131, 07/01/2023: 1652, 08/01/2023: 434, 09/01/2023: 1130, 10/01/2023: 1826, 11/01/2023: 2783, 12/01/2023: 3304, 01/01/2024: 1652, 02/01/2024: 4696, 03/01/2024: 3391, 04/01/2024: 5305, 05/01/2024: 3044, 06/01/2024: 9393, 07/01/2024: 5566, 08/01/2024: 5044, 09/01/2024: 7479, 10/01/2024: 4522, 11/01/2024: 4696, 12/01/2024: 4174, 01/01/2025: 5653, 02/01/2025: 4348, 03/01/2025: 7740, 04/01/2025: 7218, 05/01/2025: 8088, 06/01/2025: 9741"
3,Cybex gazelle,Goodbaby International Ltd.,1086,HK,yfinance,"06/30/2020: 0.82, 07/31/2020: 1.22, 08/31/2020: 1.08, 09/30/2020: 0.91, 10/31/2020: 0.92, 11/30/2020: 0.95, 12/31/2020: 1.00, 01/31/2021: 0.92, 02/28/2021: 1.12, 03/31/2021: 1.35, 04/30/2021: 1.75, 05/31/2021: 2.36, 06/30/2021: 1.69, 07/31/2021: 1.70, 08/31/2021: 1.22, 09/30/2021: 1.11, 10/31/2021: 1.07, 11/30/2021: 1.08, 12/31/2021: 0.94, 01/31/2022: 1.01, 02/28/2022: 0.89, 03/31/2022: 0.96, 04/30/2022: 0.94, 05/31/2022: 1.02, 06/30/2022: 0.95, 07/31/2022: 0.87, 08/31/2022: 0.75, 09/30/2022: 0.72, 10/31/2022: 0.47, 11/30/2022: 0.53, 12/31/2022: 0.59, 01/31/2023: 0.72, 02/28/2023: 0.64, 03/31/2023: 0.58, 04/30/2023: 0.52, 05/31/2023: 0.55, 06/30/2023: 0.52, 07/31/2023: 0.54, 08/31/2023: 0.51, 09/30/2023: 0.44, 10/31/2023: 0.37, 11/30/2023: 0.52, 12/31/2023: 0.68, 01/31/2024: 0.56, 02/29/2024: 0.61, 03/31/2024: 0.61, 04/30/2024: 0.65, 05/31/2024: 0.51, 06/30/2024: 0.46, 07/31/2024: 0.60, 08/31/2024: 0.60, 09/30/2024: 0.85, 10/31/2024: 0.80, 11/30/2024: 0.84, 12/31/2024: 0.83, 01/31/2025: 1.04, 02/28/2025: 0.94, 03/31/2025: 1.29, 04/30/2025: 1.05, 05/31/2025: 1.16, 06/30/2025: 1.14","07/01/2020: 0, 08/01/2020: 461, 09/01/2020: 2768, 10/01/2020: 461, 11/01/2020: 4460, 12/01/2020: 1476, 01/01/2021: 2430, 02/01/2021: 1445, 03/01/2021: 2460, 04/01/2021: 1168, 05/01/2021: 3106, 06/01/2021: 1138, 07/01/2021: 1384, 08/01/2021: 2645, 09/01/2021: 1968, 10/01/2021: 3475, 11/01/2021: 2060, 12/01/2021: 2645, 01/01/2022: 3537, 02/01/2022: 1291, 03/01/2022: 830, 04/01/2022: 2091, 05/01/2022: 1722, 06/01/2022: 1476, 07/01/2022: 3045, 08/01/2022: 1845, 09/01/2022: 2276, 10/01/2022: 2460, 11/01/2022: 1045, 12/01/2022: 1384, 01/01/2023: 2522, 02/01/2023: 2860, 03/01/2023: 4583, 04/01/2023: 3445, 05/01/2023: 1568, 06/01/2023: 2430, 07/01/2023: 2553, 08/01/2023: 1968, 09/01/2023: 1937, 10/01/2023: 3383, 11/01/2023: 2614, 12/01/2023: 2399, 01/01/2024: 1968, 02/01/2024: 1691, 03/01/2024: 3598, 04/01/2024: 2214, 05/01/2024: 2153, 06/01/2024: 2799, 07/01/2024: 3598, 08/01/2024: 2368, 09/01/2024: 5721, 10/01/2024: 3660, 11/01/2024: 4890, 12/01/2024: 3814, 01/01/2025: 3783, 02/01/2025: 3199, 03/01/2025: 5536, 04/01/2025: 3629, 05/01/2025: 3260, 06/01/2025: 2307"
4,Fera pets,General Mills,GIS,US,EODHD,"06/30/2020: 61.65, 07/31/2020: 63.27, 08/31/2020: 63.95, 09/30/2020: 61.68, 10/31/2020: 59.12, 11/30/2020: 60.82, 12/31/2020: 58.80, 01/31/2021: 58.10, 02/28/2021: 55.01, 03/31/2021: 61.32, 04/30/2021: 60.86, 05/31/2021: 62.86, 06/30/2021: 60.93, 07/31/2021: 58.86, 08/31/2021: 57.81, 09/30/2021: 59.82, 10/31/2021: 61.80, 11/30/2021: 61.77, 12/31/2021: 67.38, 01/31/2022: 68.68, 02/28/2022: 67.43, 03/31/2022: 67.72, 04/30/2022: 70.73, 05/31/2022: 69.85, 06/30/2022: 75.45, 07/31/2022: 74.79, 08/31/2022: 76.80, 09/30/2022: 76.61, 10/31/2022: 81.58, 11/30/2022: 85.30, 12/31/2022: 83.85, 01/31/2023: 78.36, 02/28/2023: 79.51, 03/31/2023: 85.46, 04/30/2023: 88.63, 05/31/2023: 84.16, 06/30/2023: 76.70, 07/31/2023: 74.74, 08/31/2023: 67.66, 09/30/2023: 63.99, 10/31/2023: 65.24, 11/30/2023: 63.66, 12/31/2023: 65.14, 01/31/2024: 64.91, 02/29/2024: 64.18, 03/31/2024: 69.97, 04/30/2024: 70.46, 05/31/2024: 68.75, 06/30/2024: 63.26, 07/31/2024: 67.14, 08/31/2024: 72.29, 09/30/2024: 73.85, 10/31/2024: 68.02, 11/30/2024: 66.26, 12/31/2024: 63.77, 01/31/2025: 60.14, 02/28/2025: 60.62, 03/31/2025: 59.79, 04/30/2025: 56.74, 05/31/2025: 54.26, 06/30/2025: 52.96","07/01/2020: 0, 08/01/2020: 0, 09/01/2020: 0, 10/01/2020: 0, 11/01/2020: 0, 12/01/2020: 0, 01/01/2021: 0, 02/01/2021: 0, 03/01/2021: 0, 04/01/2021: 0, 05/01/2021: 0, 06/01/2021: 0, 07/01/2021: 0, 08/01/2021: 0, 09/01/2021: 0, 10/01/2021: 0, 11/01/2021: 0, 12/01/2021: 0, 01/01/2022: 0, 02/01/2022: 0, 03/01/2022: 0, 04/01/2022: 0, 05/01/2022: 0, 06/01/2022: 0, 07/01/2022: 0, 08/01/2022: 295, 09/01/2022: 295, 10/01/2022: 0, 11/01/2022: 0, 12/01/2022: 0, 01/01/2023: 147, 02/01/2023: 147, 03/01/2023: 147, 04/01/2023: 0, 05/01/2023: 147, 06/01/2023: 147, 07/01/2023: 591, 08/01/2023: 147, 09/01/2023: 591, 10/01/2023: 0, 11/01/2023: 18616, 12/01/2023: 738, 01/01/2024: 295, 02/01/2024: 2068, 03/01/2024: 1625, 04/01/2024: 295, 05/01/2024: 147, 06/01/2024: 886, 07/01/2024: 591, 08/01/2024: 1477, 09/01/2024: 886, 10/01/2024: 443, 11/01/2024: 0, 12/01/2024: 443, 01/01/2025: 147, 02/01/2025: 886, 03/01/2025: 738, 04/01/2025: 591, 05/01/2025: 295, 06/01/2025: 591"
5,Peach riot blind box,POP MART,9992,HK,yfinance,"12/31/2020: 79.75, 01/31/2021: 72.06, 02/28/2021: 87.54, 03/31/2021: 57.79, 04/30/2021: 62.61, 05/31/2021: 67.68, 06/30/2021: 75.17, 07/31/2021: 55.55, 08/31/2021: 57.35, 09/30/2021: 51.98, 10/31/2021: 44.86, 11/30/2021: 52.62, 12/31/2021: 43.78, 01/31/2022: 37.58, 02/28/2022: 38.22, 03/31/2022: 33.58, 04/30/2022: 35.34, 05/31/2022: 29.53, 06/30/2022: 37.21, 07/31/2022: 17.67, 08/31/2022: 20.08, 09/30/2022: 14.18, 10/31/2022: 9.97, 11/30/2022: 17.02, 12/31/2022: 19.46, 01/31/2023: 24.89, 02/28/2023: 21.40, 03/31/2023: 21.01, 04/30/2023: 18.59, 05/31/2023: 16.98, 06/30/2023: 17.20, 07/31/2023: 21.67, 08/31/2023: 25.17, 09/30/2023: 22.85, 10/31/2023: 21.27, 11/30/2023: 23.15, 12/31/2023: 19.99, 01/31/2024: 17.29, 02/29/2024: 19.33, 03/31/2024: 28.38, 04/30/2024: 33.46, 05/31/2024: 36.95, 06/30/2024: 38.09, 07/31/2024: 41.28, 08/31/2024: 45.66, 09/30/2024: 53.03, 10/31/2024: 70.21, 11/30/2024: 89.48, 12/31/2024: 89.63, 01/31/2025: 93.51, 02/28/2025: 103.77, 03/31/2025: 155.86, 04/30/2025: 193.01, 05/31/2025: 220.40, 06/30/2025: 239.60","07/01/2020: 0, 08/01/2020: 0, 09/01/2020: 0, 10/01/2020: 0, 11/01/2020: 0, 12/01/2020: 0, 01/01/2021: 0, 02/01/2021: 0, 03/01/2021: 0, 04/01/2021: 0, 05/01/2021: 0, 06/01/2021: 0, 07/01/2021: 0, 08/01/2021: 0, 09/01/2021: 0, 10/01/2021: 0, 11/01/2021: 0, 12/01/2021: 0, 01/01/2022: 0, 02/01/2022: 0, 03/01/2022: 0, 04/01/2022: 0, 05/01/2022: 0, 06/01/2022: 0, 07/01/2022: 0, 08/01/2022: 0, 09/01/2022: 0, 10/01/2022: 0, 11/01/2022: 0, 12/01/2022: 0, 01/01/2023: 0, 02/01/2023: 0, 03/01/2023: 0, 04/01/2023: 0, 05/01/2023: 0, 06/01/2023: 0, 07/01/2023: 0, 08/01/2023: 0, 09/01/2023: 0, 10/01/2023: 0, 11/01/2023: 0, 12/01/2023: 35, 01/01/2024: 0, 02/01/2024: 0, 03/01/2024: 0, 04/01/2024: 1332, 05/01/2024: 35, 06/01/2024: 157, 07/01/2024: 350, 08/01/2024: 210, 09/01/2024: 0, 10/01/2024: 298, 11/01/2024: 17, 12/01/2024: 17, 01/01/2025: 2314, 02/01/2025: 17, 03/01/2025: 2244, 04/01/2025: 315, 05/01/2025: 876, 06/01/2025: 263"
6,onewind,Spark Power Group Inc.,SPG,TO,EODHD,"06/30/2020: 1.16, 07/31/2020: 1.46, 08/31/2020: 1.94, 09/30/2020: 1.51, 10/31/2020: 1.29, 11/30/2020: 1.54, 12/31/2020: 1.46, 01/31/2021: 2.76, 02/28/2021: 2.12, 03/31/2021: 1.60, 04/30/2021: 1.69, 05/31/2021: 1.84, 06/30/2021: 2.20, 07/31/2021: 2.14, 08/31/2021: 2.25, 09/30/2021: 2.29, 10/31/2021: 2.10, 11/30/2021: 1.59, 12/31/2021: 1.25, 01/31/2022: 1.24, 02/28/2022: 1.25, 03/31/2022: 0.99, 04/30/2022: 0.71, 05/31/2022: 0.76, 06/30/2022: 0.66, 07/31/2022: 0.72, 08/31/2022: 0.81, 09/30/2022: 0.67, 10/31/2022: 0.63, 11/30/2022: 0.55, 12/31/2022: 0.48, 01/31/2023: 0.50, 02/28/2023: 0.55, 03/31/2023: 0.51, 04/30/2023: 0.40, 05/31/2023: 0.37, 06/30/2023: 0.36, 07/31/2023: 0.48, 08/31/2023: 0.49, 09/30/2023: 0.45, 10/31/2023: 0.80, 11/30/2023: 0.80, 12/31/2023: 0.82","07/01/2020: 334, 08/01/2020: 669, 09/01/2020: 765, 10/01/2020: 143, 11/01/2020: 143, 12/01/2020: 0, 01/01/2021: 574, 02/01/2021: 526, 03/01/2021: 47, 04/01/2021: 143, 05/01/2021: 574, 06/01/2021: 430, 07/01/2021: 956, 08/01/2021: 5309, 09/01/2021: 1626, 10/01/2021: 1817, 11/01/2021: 2104, 12/01/2021: 669, 01/01/2022: 1626, 02/01/2022: 4974, 03/01/2022: 2343, 04/01/2022: 1865, 05/01/2022: 2343, 06/01/2022: 621, 07/01/2022: 861, 08/01/2022: 334, 09/01/2022: 95, 10/01/2022: 861, 11/01/2022: 813, 12/01/2022: 1722, 01/01/2023: 861, 02/01/2023: 1004, 03/01/2023: 861, 04/01/2023: 1530, 05/01/2023: 621, 06/01/2023: 956, 07/01/2023: 621, 08/01/2023: 382, 09/01/2023: 1913, 10/01/2023: 526, 11/01/2023: 430, 12/01/2023: 430, 01/01/2024: 430, 02/01/2024: 574, 03/01/2024: 526, 04/01/2024: 239, 05/01/2024: 1148, 06/01/2024: 717, 07/01/2024: 287, 08/01/2024: 813, 09/01/2024: 334, 10/01/2024: 717, 11/01/2024: 191, 12/01/2024: 669, 01/01/2025: 908, 02/01/2025: 669, 03/01/2025: 621, 04/01/2025: 382, 05/01/2025: 526, 06/01/2025: 574"
7,PassportCard,White Mountains Insurance Group,WTM,US,EODHD,"06/30/2020: 887.97, 07/31/2020: 880.13, 08/31/2020: 891.40, 09/30/2020: 779.00, 10/31/2020: 908.33, 11/30/2020: 960.00, 12/31/2020: 1000.66, 01/31/2021: 1020.00, 02/28/2021: 1195.06, 03/31/2021: 1114.90, 04/30/2021: 1165.43, 05/31/2021: 1193.36, 06/30/2021: 1148.03, 07/31/2021: 1131.57, 08/31/2021: 1120.81, 09/30/2021: 1069.61, 10/31/2021: 1054.99, 11/30/2021: 1002.90, 12/31/2021: 1013.90, 01/31/2022: 1040.96, 02/28/2022: 1050.20, 03/31/2022: 1136.24, 04/30/2022: 1048.02, 05/31/2022: 1244.86, 06/30/2022: 1246.13, 07/31/2022: 1239.43, 08/31/2022: 1370.00, 09/30/2022: 1303.02, 10/31/2022: 1416.15, 11/30/2022: 1358.86, 12/31/2022: 1414.33, 01/31/2023: 1527.96, 02/28/2023: 1443.57, 03/31/2023: 1377.49, 04/30/2023: 1432.14, 05/31/2023: 1354.19, 06/30/2023: 1388.91, 07/31/2023: 1547.02, 08/31/2023: 1588.69, 09/30/2023: 1495.69, 10/31/2023: 1430.75, 11/30/2023: 1531.92, 12/31/2023: 1505.01, 01/31/2024: 1575.97, 02/29/2024: 1765.44, 03/31/2024: 1794.30, 04/30/2024: 1778.14, 05/31/2024: 1807.00, 06/30/2024: 1817.45, 07/31/2024: 1786.00, 08/31/2024: 1844.24, 09/30/2024: 1696.20, 10/31/2024: 1797.14, 11/30/2024: 2009.99, 12/31/2024: 1945.06, 01/31/2025: 1932.46, 02/28/2025: 1849.50, 03/31/2025: 1925.81, 04/30/2025: 1767.45, 05/31/2025: 1784.80, 06/30/2025: 1750.45","07/01/2020: 1544, 08/01/2020: 23941, 09/01/2020: 772, 10/01/2020: 16604, 11/01/2020: 4247, 12/01/2020: 6564, 01/01/2021: 13515, 02/01/2021: 4633, 03/01/2021: 6564, 04/01/2021: 5792, 05/01/2021: 6950, 06/01/2021: 13129, 07/01/2021: 10812, 08/01/2021: 25100, 09/01/2021: 12356, 10/01/2021: 7336, 11/01/2021: 13901, 12/01/2021: 9267, 01/01/2022: 28189, 02/01/2022: 6950, 03/01/2022: 3089, 04/01/2022: 3089, 05/01/2022: 56764, 06/01/2022: 15832, 07/01/2022: 29733, 08/01/2022: 13901, 09/01/2022: 23555, 10/01/2022: 12356, 11/01/2022: 45180, 12/01/2022: 40546, 01/01/2023: 16990, 02/01/2023: 11970, 03/01/2023: 20852, 04/01/2023: 19693, 05/01/2023: 16990, 06/01/2023: 25100, 07/01/2023: 20466, 08/01/2023: 14673, 09/01/2023: 16218, 10/01/2023: 11970, 11/01/2023: 8109, 12/01/2023: 12743, 01/01/2024: 6178, 02/01/2024: 4247, 03/01/2024: 7336, 04/01/2024: 14287, 05/01/2024: 7336, 06/01/2024: 33981, 07/01/2024: 16604, 08/01/2024: 9267, 09/01/2024: 13901, 10/01/2024: 12743, 11/01/2024: 11970, 12/01/2024: 16990, 01/01/2025: 13129, 02/01/2025: 15060, 03/01/2025: 21624, 04/01/2025: 19693, 05/01/2025: 18535, 06/01/2025: 17377"
8,Hiya health,"USANA Health Sciences, Inc.",USNA,US,EODHD,"06/30/2020: 73.43, 07/31/2020: 81.18, 08/31/2020: 78.41, 09/30/2020: 73.65, 10/31/2020: 75.65, 11/30/2020: 75.18, 12/31/2020: 77.10, 01/31/2021: 82.76, 02/28/2021: 97.06, 03/31/2021: 97.60, 04/30/2021: 89.99, 05/31/2021: 105.74, 06/30/2021: 102.43, 07/31/2021: 95.27, 08/31/2021: 97.03, 09/30/2021: 92.20, 10/31/2021: 97.06, 11/30/2021: 99.72, 12/31/2021: 101.20, 01/31/2022: 95.58, 02/28/2022: 88.01, 03/31/2022: 79.45, 04/30/2022: 76.66, 05/31/2022: 70.33, 06/30/2022: 72.36, 07/31/2022: 69.62, 08/31/2022: 64.52, 09/30/2022: 56.05, 10/31/2022: 52.51, 11/30/2022: 55.04, 12/31/2022: 53.20, 01/31/2023: 58.44, 02/28/2023: 60.78, 03/31/2023: 62.90, 04/30/2023: 66.37, 05/31/2023: 60.67, 06/30/2023: 63.04, 07/31/2023: 64.91, 08/31/2023: 64.29, 09/30/2023: 58.61, 10/31/2023: 45.55, 11/30/2023: 47.26, 12/31/2023: 53.60, 01/31/2024: 46.82, 02/29/2024: 48.26, 03/31/2024: 48.50, 04/30/2024: 41.52, 05/31/2024: 47.60, 06/30/2024: 45.24, 07/31/2024: 44.60, 08/31/2024: 40.82, 09/30/2024: 37.92, 10/31/2024: 36.94, 11/30/2024: 38.53, 12/31/2024: 35.89, 01/31/2025: 32.57, 02/28/2025: 29.59, 03/31/2025: 26.97, 04/30/2025: 28.09, 05/31/2025: 29.87, 06/30/2025: 30.44","07/01/2020: 313, 08/01/2020: 939, 09/01/2020: 782, 10/01/2020: 782, 11/01/2020: 2191, 12/01/2020: 2191, 01/01/2021: 1565, 02/01/2021: 939, 03/01/2021: 782, 04/01/2021: 1252, 05/01/2021: 939, 06/01/2021: 626, 07/01/2021: 1408, 08/01/2021: 782, 09/01/2021: 939, 10/01/2021: 1408, 11/01/2021: 2817, 12/01/2021: 469, 01/01/2022: 782, 02/01/2022: 3443, 03/01/2022: 1565, 04/01/2022: 1095, 05/01/2022: 2817, 06/01/2022: 2191, 07/01/2022: 3130, 08/01/2022: 626, 09/01/2022: 782, 10/01/2022: 1095, 11/01/2022: 3286, 12/01/2022: 469, 01/01/2023: 1565, 02/01/2023: 939, 03/01/2023: 1565, 04/01/2023: 5321, 05/01/2023: 2191, 06/01/2023: 1878, 07/01/2023: 2817, 08/01/2023: 1252, 09/01/2023: 2191, 10/01/2023: 2191, 11/01/2023: 2347, 12/01/2023: 1721, 01/01/2024: 1565, 02/01/2024: 1095, 03/01/2024: 2504, 04/01/2024: 3443, 05/01/2024: 7042, 06/01/2024: 2817, 07/01/2024: 2817, 08/01/2024: 2191, 09/01/2024: 4382, 10/01/2024: 3756, 11/01/2024: 2504, 12/01/2024: 22066, 01/01/2025: 6729, 02/01/2025: 3599, 03/01/2025: 2817, 04/01/2025: 4225, 05/01/2025: 2817, 06/01/2025: 1878"
9,Radius recycling,"Radius Recycling, Inc.",RDUS,US,EODHD,"06/30/2020: 17.64, 07/31/2020: 18.40, 08/31/2020: 19.74, 09/30/2020: 19.23, 10/31/2020: 21.00, 11/30/2020: 25.62, 12/31/2020: 31.91, 01/31/2021: 29.52, 02/28/2021: 34.54, 03/31/2021: 41.79, 04/30/2021: 47.21, 05/31/2021: 54.48, 06/30/2021: 49.05, 07/31/2021: 52.42, 08/31/2021: 47.31, 09/30/2021: 43.81, 10/31/2021: 53.80, 11/30/2021: 48.10, 12/31/2021: 51.92, 01/31/2022: 39.14, 02/28/2022: 48.65, 03/31/2022: 51.94, 04/30/2022: 45.63, 05/31/2022: 40.62, 06/30/2022: 32.84, 07/31/2022: 35.56, 08/31/2022: 33.04, 09/30/2022: 28.46, 10/31/2022: 26.99, 11/30/2022: 34.33, 12/31/2022: 30.65, 01/31/2023: 33.84, 02/28/2023: 32.69, 03/31/2023: 31.10, 04/30/2023: 28.89, 05/31/2023: 27.51, 06/30/2023: 29.99, 07/31/2023: 36.21, 08/31/2023: 33.20, 09/30/2023: 27.85, 10/31/2023: 22.71, 11/30/2023: 25.63, 12/31/2023: 30.16, 01/31/2024: 26.33, 02/29/2024: 19.76, 03/31/2024: 21.13, 04/30/2024: 17.42, 05/31/2024: 17.11, 06/30/2024: 15.27, 07/31/2024: 18.12, 08/31/2024: 15.14, 09/30/2024: 18.54, 10/31/2024: 16.19, 11/30/2024: 19.82, 12/31/2024: 15.22, 01/31/2025: 12.01, 02/28/2025: 13.83, 03/31/2025: 28.88, 04/30/2025: 29.33, 05/31/2025: 29.61, 06/30/2025: 29.64","07/01/2020: 444, 08/01/2020: 413, 09/01/2020: 921, 10/01/2020: 1684, 11/01/2020: 1207, 12/01/2020: 1398, 01/01/2021: 2478, 02/01/2021: 2001, 03/01/2021: 794, 04/01/2021: 1556, 05/01/2021: 953, 06/01/2021: 1016, 07/01/2021: 984, 08/01/2021: 762, 09/01/2021: 699, 10/01/2021: 953, 11/01/2021: 476, 12/01/2021: 1270, 01/01/2022: 2224, 02/01/2022: 1493, 03/01/2022: 1525, 04/01/2022: 3272, 05/01/2022: 1334, 06/01/2022: 730, 07/01/2022: 3717, 08/01/2022: 794, 09/01/2022: 635, 10/01/2022: 2065, 11/01/2022: 1080, 12/01/2022: 508, 01/01/2023: 826, 02/01/2023: 381, 03/01/2023: 762, 04/01/2023: 762, 05/01/2023: 508, 06/01/2023: 730, 07/01/2023: 2287, 08/01/2023: 2573, 09/01/2023: 2700, 10/01/2023: 3304, 11/01/2023: 1239, 12/01/2023: 5973, 01/01/2024: 1906, 02/01/2024: 2510, 03/01/2024: 5560, 04/01/2024: 1493, 05/01/2024: 730, 06/01/2024: 3717, 07/01/2024: 4829, 08/01/2024: 4162, 09/01/2024: 3812, 10/01/2024: 2605, 11/01/2024: 3939, 12/01/2024: 3622, 01/01/2025: 5052, 02/01/2025: 2478, 03/01/2025: 9754, 04/01/2025: 6068, 05/01/2025: 4797, 06/01/2025: 1684"
10,Owlet dream,"Owlet, Inc.",OWLT,US,EODHD,"11/30/2020: 9.75, 12/31/2020: 10.17, 01/31/2021: 10.30, 02/28/2021: 10.14, 03/31/2021: 9.91, 04/30/2021: 9.96, 05/31/2021: 9.94, 06/30/2021: 9.98, 07/31/2021: 9.91, 08/31/2021: 6.14, 09/30/2021: 5.59, 10/31/2021: 3.58, 11/30/2021: 4.53, 12/31/2021: 2.67, 01/31/2022: 1.85, 02/28/2022: 2.63, 03/31/2022: 4.45, 04/30/2022: 3.73, 05/31/2022: 4.80, 06/30/2022: 1.70, 07/31/2022: 2.13, 08/31/2022: 1.62, 09/30/2022: 1.07, 10/31/2022: 0.96, 11/30/2022: 0.83, 12/31/2022: 0.56, 01/31/2023: 0.41, 02/28/2023: 0.37, 03/31/2023: 0.32, 04/30/2023: 0.31, 05/31/2023: 0.22, 06/30/2023: 0.34, 07/31/2023: 4.82, 08/31/2023: 3.07, 09/30/2023: 4.48, 10/31/2023: 4.05, 11/30/2023: 5.03, 12/31/2023: 5.28, 01/31/2024: 4.89, 02/29/2024: 5.68, 03/31/2024: 4.31, 04/30/2024: 4.40, 05/31/2024: 3.69, 06/30/2024: 4.12, 07/31/2024: 4.43, 08/31/2024: 4.49, 09/30/2024: 4.49, 10/31/2024: 5.20, 11/30/2024: 4.86, 12/31/2024: 4.45, 01/31/2025: 4.46, 02/28/2025: 4.52, 03/31/2025: 3.68, 04/30/2025: 4.18, 05/31/2025: 5.41, 06/30/2025: 7.09","07/01/2020: 0, 08/01/2020: 35, 09/01/2020: 336, 10/01/2020: 78, 11/01/2020: 64, 12/01/2020: 70, 01/01/2021: 23, 02/01/2021: 90, 03/01/2021: 52, 04/01/2021: 52, 05/01/2021: 87, 06/01/2021: 35, 07/01/2021: 73, 08/01/2021: 157, 09/01/2021: 73, 10/01/2021: 55, 11/01/2021: 52, 12/01/2021: 99, 01/01/2022: 315, 02/01/2022: 84, 03/01/2022: 122, 04/01/2022: 134, 05/01/2022: 227, 06/01/2022: 248, 07/01/2022: 342, 08/01/2022: 257, 09/01/2022: 146, 10/01/2022: 187, 11/01/2022: 105, 12/01/2022: 163, 01/01/2023: 266, 02/01/2023: 166, 03/01/2023: 175, 04/01/2023: 169, 05/01/2023: 154, 06/01/2023: 108, 07/01/2023: 190, 08/01/2023: 292, 09/01/2023: 140, 10/01/2023: 242, 11/01/2023: 380, 12/01/2023: 227, 01/01/2024: 187, 02/01/2024: 181, 03/01/2024: 225, 04/01/2024: 216, 05/01/2024: 263, 06/01/2024: 274, 07/01/2024: 347, 08/01/2024: 324, 09/01/2024: 324, 10/01/2024: 347, 11/01/2024: 321, 12/01/2024: 298, 01/01/2025: 359, 02/01/2025: 295, 03/01/2025: 374, 04/01/2025: 274, 05/01/2025: 219, 06/01/2025: 304"
11,Nuuly,Urban Outfitters,URBN,US,EODHD,"06/30/2020: 15.22, 07/31/2020: 16.54, 08/31/2020: 23.54, 09/30/2020: 20.81, 10/31/2020: 22.34, 11/30/2020: 27.38, 12/31/2020: 25.60, 01/31/2021: 27.43, 02/28/2021: 33.90, 03/31/2021: 37.19, 04/30/2021: 35.90, 05/31/2021: 39.16, 06/30/2021: 41.22, 07/31/2021: 37.18, 08/31/2021: 33.02, 09/30/2021: 29.69, 10/31/2021: 31.93, 11/30/2021: 31.67, 12/31/2021: 29.36, 01/31/2022: 28.72, 02/28/2022: 27.51, 03/31/2022: 25.11, 04/30/2022: 23.80, 05/31/2022: 21.05, 06/30/2022: 18.66, 07/31/2022: 20.48, 08/31/2022: 20.13, 09/30/2022: 19.65, 10/31/2022: 23.86, 11/30/2022: 28.94, 12/31/2022: 23.85, 01/31/2023: 27.39, 02/28/2023: 26.95, 03/31/2023: 27.72, 04/30/2023: 27.06, 05/31/2023: 30.82, 06/30/2023: 33.13, 07/31/2023: 36.37, 08/31/2023: 33.21, 09/30/2023: 32.69, 10/31/2023: 34.62, 11/30/2023: 35.70, 12/31/2023: 35.69, 01/31/2024: 38.00, 02/29/2024: 41.55, 03/31/2024: 43.42, 04/30/2024: 38.96, 05/31/2024: 41.71, 06/30/2024: 41.05, 07/31/2024: 46.05, 08/31/2024: 36.32, 09/30/2024: 38.31, 10/31/2024: 35.95, 11/30/2024: 48.73, 12/31/2024: 54.88, 01/31/2025: 55.42, 02/28/2025: 58.19, 03/31/2025: 52.40, 04/30/2025: 52.78, 05/31/2025: 69.90, 06/30/2025: 68.86","07/01/2020: 21752, 08/01/2020: 27365, 09/01/2020: 37189, 10/01/2020: 27365, 11/01/2020: 41399, 12/01/2020: 23155, 01/01/2021: 25260, 02/01/2021: 18945, 03/01/2021: 17542, 04/01/2021: 22454, 05/01/2021: 22454, 06/01/2021: 28067, 07/01/2021: 22454, 08/01/2021: 114375, 09/01/2021: 22454, 10/01/2021: 48416, 11/01/2021: 41399, 12/01/2021: 18945, 01/01/2022: 23155, 02/01/2022: 21050, 03/01/2022: 16138, 04/01/2022: 20348, 05/01/2022: 46311, 06/01/2022: 23155, 07/01/2022: 23155, 08/01/2022: 49118, 09/01/2022: 33681, 10/01/2022: 35084, 11/01/2022: 32277, 12/01/2022: 31575, 01/01/2023: 47013, 02/01/2023: 23155, 03/01/2023: 30874, 04/01/2023: 35786, 05/01/2023: 23155, 06/01/2023: 25260, 07/01/2023: 21050, 08/01/2023: 27365, 09/01/2023: 24559, 10/01/2023: 31575, 11/01/2023: 37189, 12/01/2023: 28067, 01/01/2024: 21752, 02/01/2024: 41399, 03/01/2024: 35786, 04/01/2024: 35786, 05/01/2024: 29470, 06/01/2024: 30874, 07/01/2024: 30874, 08/01/2024: 33681, 09/01/2024: 32277, 10/01/2024: 61046, 11/01/2024: 43504, 12/01/2024: 51924, 01/01/2025: 46311, 02/01/2025: 49819, 03/01/2025: 72273, 04/01/2025: 60345, 05/01/2025: 56135, 06/01/2025: 42803"
12,Runna,"Strava, Inc.",STRV,US,EODHD,"09/30/2022: 22.80, 10/31/2022: 24.59, 11/30/2022: 25.85, 12/31/2022: 24.26, 01/31/2023: 25.82, 02/28/2023: 25.26, 03/31/2023: 26.11, 04/30/2023: 26.46, 05/31/2023: 26.70, 06/30/2023: 28.34, 07/31/2023: 29.31, 08/31/2023: 28.85, 09/30/2023: 27.40, 10/31/2023: 26.82, 11/30/2023: 29.34, 12/31/2023: 30.57, 01/31/2024: 31.00, 02/29/2024: 32.74, 03/31/2024: 33.66, 04/30/2024: 32.28, 05/31/2024: 33.82, 06/30/2024: 34.97, 07/31/2024: 35.34, 08/31/2024: 36.19, 09/30/2024: 36.84, 10/31/2024: 36.58, 11/30/2024: 38.90, 12/31/2024: 37.80, 01/31/2025: 38.98, 02/28/2025: 38.29, 03/31/2025: 36.06, 04/30/2025: 35.74, 05/31/2025: 38.15, 06/30/2025: 38.68","07/01/2020: 4835, 08/01/2020: 5498, 09/01/2020: 4171, 10/01/2020: 3602, 11/01/2020: 7395, 12/01/2020: 5498, 01/01/2021: 5972, 02/01/2021: 4550, 03/01/2021: 10144, 04/01/2021: 8058, 05/01/2021: 5972, 06/01/2021: 5119, 07/01/2021: 5498, 08/01/2021: 5783, 09/01/2021: 3413, 10/01/2021: 6162, 11/01/2021: 9480, 12/01/2021: 6162, 01/01/2022: 5024, 02/01/2022: 3033, 03/01/2022: 5214, 04/01/2022: 6446, 05/01/2022: 7110, 06/01/2022: 4835, 07/01/2022: 6162, 08/01/2022: 7489, 09/01/2022: 5688, 10/01/2022: 7395, 11/01/2022: 5214, 12/01/2022: 10523, 01/01/2023: 5404, 02/01/2023: 6541, 03/01/2023: 3887, 04/01/2023: 10618, 05/01/2023: 3128, 06/01/2023: 3981, 07/01/2023: 4930, 08/01/2023: 4645, 09/01/2023: 4550, 10/01/2023: 5688, 11/01/2023: 4645, 12/01/2023: 5214, 01/01/2024: 4361, 02/01/2024: 3887, 03/01/2024: 5214, 04/01/2024: 6920, 05/01/2024: 5404, 06/01/2024: 10618, 07/01/2024: 6826, 08/01/2024: 7015, 09/01/2024: 7110, 10/01/2024: 11566, 11/01/2024: 10239, 12/01/2024: 12325, 01/01/2025: 15453, 02/01/2025: 11566, 03/01/2025: 15927, 04/01/2025: 24934, 05/01/2025: 18487, 06/01/2025: 19720"
13,Mathway,"Chegg, Inc.",CHGG,US,EODHD,"06/30/2020: 67.26, 07/31/2020: 80.97, 08/31/2020: 73.74, 09/30/2020: 71.44, 10/31/2020: 73.44, 11/30/2020: 77.93, 12/31/2020: 90.33, 01/31/2021: 95.26, 02/28/2021: 96.53, 03/31/2021: 85.66, 04/30/2021: 90.33, 05/31/2021: 76.91, 06/30/2021: 83.11, 07/31/2021: 88.63, 08/31/2021: 83.22, 09/30/2021: 68.02, 10/31/2021: 59.44, 11/30/2021: 27.85, 12/31/2021: 30.70, 01/31/2022: 26.47, 02/28/2022: 31.27, 03/31/2022: 36.28, 04/30/2022: 24.74, 05/31/2022: 19.46, 06/30/2022: 18.78, 07/31/2022: 21.30, 08/31/2022: 19.68, 09/30/2022: 21.07, 10/31/2022: 21.57, 11/30/2022: 29.84, 12/31/2022: 25.27, 01/31/2023: 20.76, 02/28/2023: 15.89, 03/31/2023: 16.30, 04/30/2023: 17.98, 05/31/2023: 8.98, 06/30/2023: 8.88, 07/31/2023: 10.13, 08/31/2023: 10.21, 09/30/2023: 8.92, 10/31/2023: 7.53, 11/30/2023: 9.93, 12/31/2023: 11.36, 01/31/2024: 9.85, 02/29/2024: 8.94, 03/31/2024: 7.57, 04/30/2024: 5.17, 05/31/2024: 3.83, 06/30/2024: 3.16, 07/31/2024: 3.41, 08/31/2024: 2.16, 09/30/2024: 1.77, 10/31/2024: 1.60, 11/30/2024: 2.11, 12/31/2024: 1.61, 01/31/2025: 1.54, 02/28/2025: 1.09, 03/31/2025: 0.64, 04/30/2025: 0.73, 05/31/2025: 1.02, 06/30/2025: 1.44","07/01/2020: 2532925, 08/01/2020: 2471645, 09/01/2020: 2246950, 10/01/2020: 2185669, 11/01/2020: 3819815, 12/01/2020: 3574693, 01/01/2021: 3962803, 02/01/2021: 3819815, 03/01/2021: 3309144, 04/01/2021: 4698168, 05/01/2021: 4453046, 06/01/2021: 2328657, 07/01/2021: 2287803, 08/01/2021: 4126217, 09/01/2021: 3247864, 10/01/2021: 4350912, 11/01/2021: 3901522, 12/01/2021: 4739022, 01/01/2022: 6087192, 02/01/2022: 3860668, 03/01/2022: 2492072, 04/01/2022: 2369511, 05/01/2022: 3349998, 06/01/2022: 3717681, 07/01/2022: 4657314, 08/01/2022: 4963717, 09/01/2022: 2675913, 10/01/2022: 4330485, 11/01/2022: 4044510, 12/01/2022: 2839327, 01/01/2023: 3860668, 02/01/2023: 3635973, 03/01/2023: 3309144, 04/01/2023: 4024083, 05/01/2023: 2471645, 06/01/2023: 1674999, 07/01/2023: 1532011, 08/01/2023: 2737193, 09/01/2023: 5556095, 10/01/2023: 5739936, 11/01/2023: 3942376, 12/01/2023: 2635059, 01/01/2024: 3268291, 02/01/2024: 3840242, 03/01/2024: 4003656, 04/01/2024: 2900608, 05/01/2024: 2144816, 06/01/2024: 1838413, 07/01/2024: 1143901, 08/01/2024: 2022255, 09/01/2024: 4330485, 10/01/2024: 3043596, 11/01/2024: 2389937, 12/01/2024: 1879267, 01/01/2025: 1879267, 02/01/2025: 2165242, 03/01/2025: 2267377, 04/01/2025: 1532011, 05/01/2025: 1205182, 06/01/2025: 1021341"
14,wellio,The Kraft Heinz Company,KHC,US,EODHD,"06/30/2020: 31.89, 07/31/2020: 34.38, 08/31/2020: 35.04, 09/30/2020: 29.95, 10/31/2020: 30.59, 11/30/2020: 32.94, 12/31/2020: 34.66, 01/31/2021: 33.51, 02/28/2021: 36.38, 03/31/2021: 40.00, 04/30/2021: 41.29, 05/31/2021: 43.59, 06/30/2021: 40.78, 07/31/2021: 38.47, 08/31/2021: 35.99, 09/30/2021: 36.82, 10/31/2021: 35.89, 11/30/2021: 33.61, 12/31/2021: 35.90, 01/31/2022: 35.80, 02/28/2022: 39.22, 03/31/2022: 39.39, 04/30/2022: 42.63, 05/31/2022: 37.83, 06/30/2022: 38.14, 07/31/2022: 36.83, 08/31/2022: 37.40, 09/30/2022: 33.35, 10/31/2022: 38.47, 11/30/2022: 39.35, 12/31/2022: 40.71, 01/31/2023: 40.53, 02/28/2023: 38.94, 03/31/2023: 38.67, 04/30/2023: 39.27, 05/31/2023: 38.22, 06/30/2023: 35.50, 07/31/2023: 36.18, 08/31/2023: 33.09, 09/30/2023: 33.64, 10/31/2023: 31.46, 11/30/2023: 35.11, 12/31/2023: 36.98, 01/31/2024: 37.13, 02/29/2024: 35.28, 03/31/2024: 36.90, 04/30/2024: 38.61, 05/31/2024: 35.37, 06/30/2024: 32.22, 07/31/2024: 35.21, 08/31/2024: 35.43, 09/30/2024: 35.11, 10/31/2024: 33.46, 11/30/2024: 31.97, 12/31/2024: 30.71, 01/31/2025: 29.84, 02/28/2025: 30.71, 03/31/2025: 30.43, 04/30/2025: 29.10, 05/31/2025: 26.73, 06/30/2025: 25.68","07/01/2020: 57685, 08/01/2020: 75434, 09/01/2020: 281770, 10/01/2020: 410453, 11/01/2020: 68778, 12/01/2020: 0, 01/01/2021: 210773, 02/01/2021: 73216, 03/01/2021: 106496, 04/01/2021: 210773, 05/01/2021: 13312, 06/01/2021: 22186, 07/01/2021: 51029, 08/01/2021: 2218, 09/01/2021: 228522, 10/01/2021: 70997, 11/01/2021: 241834, 12/01/2021: 64341, 01/01/2022: 33280, 02/01/2022: 179712, 03/01/2022: 15530, 04/01/2022: 39936, 05/01/2022: 177493, 06/01/2022: 59904, 07/01/2022: 26624, 08/01/2022: 13312, 09/01/2022: 0, 10/01/2022: 4437, 11/01/2022: 2218, 12/01/2022: 13311, 01/01/2023: 8874, 02/01/2023: 42154, 03/01/2023: 15530, 04/01/2023: 15530, 05/01/2023: 15530, 06/01/2023: 2218, 07/01/2023: 62122, 08/01/2023: 0, 09/01/2023: 2218, 10/01/2023: 17749, 11/01/2023: 2218, 12/01/2023: 2218, 01/01/2024: 2218, 02/01/2024: 31061, 03/01/2024: 15530, 04/01/2024: 8874, 05/01/2024: 8874, 06/01/2024: 8874, 07/01/2024: 11093, 08/01/2024: 13312, 09/01/2024: 17749, 10/01/2024: 15530, 11/01/2024: 11093, 12/01/2024: 6656, 01/01/2025: 6656, 02/01/2025: 37717, 03/01/2025: 24405, 04/01/2025: 13312, 05/01/2025: 15530, 06/01/2025: 13312"
15,Haeckels,Est√©e Lauder Companies,EL,US,EODHD,"06/30/2020: 188.68, 07/31/2020: 197.54, 08/31/2020: 221.72, 09/30/2020: 218.25, 10/31/2020: 219.66, 11/30/2020: 245.32, 12/31/2020: 266.19, 01/31/2021: 236.65, 02/28/2021: 285.86, 03/31/2021: 290.85, 04/30/2021: 313.80, 05/31/2021: 306.52, 06/30/2021: 318.08, 07/31/2021: 333.83, 08/31/2021: 340.49, 09/30/2021: 299.93, 10/31/2021: 324.33, 11/30/2021: 332.07, 12/31/2021: 370.20, 01/31/2022: 311.79, 02/28/2022: 296.33, 03/31/2022: 272.32, 04/30/2022: 264.06, 05/31/2022: 254.65, 06/30/2022: 254.67, 07/31/2022: 273.10, 08/31/2022: 254.38, 09/30/2022: 215.90, 10/31/2022: 200.49, 11/30/2022: 235.79, 12/31/2022: 248.11, 01/31/2023: 277.08, 02/28/2023: 243.05, 03/31/2023: 246.46, 04/30/2023: 246.72, 05/31/2023: 184.03, 06/30/2023: 196.38, 07/31/2023: 180.00, 08/31/2023: 160.53, 09/30/2023: 144.55, 10/31/2023: 128.87, 11/30/2023: 127.69, 12/31/2023: 146.25, 01/31/2024: 131.99, 02/29/2024: 148.58, 03/31/2024: 154.15, 04/30/2024: 146.71, 05/31/2024: 123.36, 06/30/2024: 106.40, 07/31/2024: 99.61, 08/31/2024: 91.66, 09/30/2024: 99.69, 10/31/2024: 68.94, 11/30/2024: 72.12, 12/31/2024: 74.98, 01/31/2025: 83.43, 02/28/2025: 71.91, 03/31/2025: 66.00, 04/30/2025: 59.96, 05/31/2025: 66.94, 06/30/2025: 74.72","07/01/2020: 2460, 08/01/2020: 7381, 09/01/2020: 4217, 10/01/2020: 15816, 11/01/2020: 15465, 12/01/2020: 8083, 01/01/2021: 11071, 02/01/2021: 5272, 03/01/2021: 2811, 04/01/2021: 6326, 05/01/2021: 2636, 06/01/2021: 5799, 07/01/2021: 5272, 08/01/2021: 4569, 09/01/2021: 2987, 10/01/2021: 8962, 11/01/2021: 8083, 12/01/2021: 2636, 01/01/2022: 13356, 02/01/2022: 23724, 03/01/2022: 10368, 04/01/2022: 2284, 05/01/2022: 14059, 06/01/2022: 8611, 07/01/2022: 27239, 08/01/2022: 5096, 09/01/2022: 9489, 10/01/2022: 16695, 11/01/2022: 4744, 12/01/2022: 5975, 01/01/2023: 26009, 02/01/2023: 2987, 03/01/2023: 6502, 04/01/2023: 8435, 05/01/2023: 2811, 06/01/2023: 3163, 07/01/2023: 8611, 08/01/2023: 5975, 09/01/2023: 3690, 10/01/2023: 3339, 11/01/2023: 3339, 12/01/2023: 4744, 01/01/2024: 4217, 02/01/2024: 3690, 03/01/2024: 4920, 04/01/2024: 3514, 05/01/2024: 3866, 06/01/2024: 4393, 07/01/2024: 3163, 08/01/2024: 3339, 09/01/2024: 4042, 10/01/2024: 4744, 11/01/2024: 7029, 12/01/2024: 5272, 01/01/2025: 3339, 02/01/2025: 2987, 03/01/2025: 3866, 04/01/2025: 2460, 05/01/2025: 4217, 06/01/2025: 4041"
16,Viator,Tripadvisor,TRIP,US,EODHD,"06/30/2020: 19.01, 07/31/2020: 20.23, 08/31/2020: 23.37, 09/30/2020: 19.59, 10/31/2020: 19.11, 11/30/2020: 26.10, 12/31/2020: 28.78, 01/31/2021: 30.97, 02/28/2021: 49.62, 03/31/2021: 53.79, 04/30/2021: 47.13, 05/31/2021: 43.45, 06/30/2021: 40.30, 07/31/2021: 37.95, 08/31/2021: 35.00, 09/30/2021: 33.85, 10/31/2021: 32.97, 11/30/2021: 25.86, 12/31/2021: 27.26, 01/31/2022: 27.15, 02/28/2022: 25.44, 03/31/2022: 27.12, 04/30/2022: 25.67, 05/31/2022: 24.84, 06/30/2022: 17.80, 07/31/2022: 19.01, 08/31/2022: 23.80, 09/30/2022: 22.08, 10/31/2022: 23.62, 11/30/2022: 20.39, 12/31/2022: 17.98, 01/31/2023: 23.30, 02/28/2023: 21.57, 03/31/2023: 19.86, 04/30/2023: 17.73, 05/31/2023: 15.56, 06/30/2023: 16.49, 07/31/2023: 18.65, 08/31/2023: 15.11, 09/30/2023: 16.58, 10/31/2023: 14.76, 11/30/2023: 17.83, 12/31/2023: 21.53, 01/31/2024: 21.60, 02/29/2024: 26.82, 03/31/2024: 27.79, 04/30/2024: 26.33, 05/31/2024: 18.35, 06/30/2024: 17.81, 07/31/2024: 17.63, 08/31/2024: 14.51, 09/30/2024: 14.49, 10/31/2024: 16.04, 11/30/2024: 14.33, 12/31/2024: 14.77, 01/31/2025: 17.56, 02/28/2025: 14.80, 03/31/2025: 14.17, 04/30/2025: 12.45, 05/31/2025: 14.24, 06/30/2025: 13.04","07/01/2020: 257250, 08/01/2020: 351167, 09/01/2020: 264056, 10/01/2020: 317140, 11/01/2020: 315778, 12/01/2020: 338917, 01/01/2021: 306251, 02/01/2021: 213695, 03/01/2021: 257250, 04/01/2021: 288556, 05/01/2021: 370223, 06/01/2021: 326667, 07/01/2021: 253167, 08/01/2021: 231389, 09/01/2021: 230028, 10/01/2021: 285834, 11/01/2021: 198722, 12/01/2021: 220500, 01/01/2022: 348445, 02/01/2022: 236834, 03/01/2022: 204167, 04/01/2022: 347084, 05/01/2022: 295362, 06/01/2022: 245000, 07/01/2022: 245000, 08/01/2022: 253167, 09/01/2022: 221861, 10/01/2022: 277667, 11/01/2022: 230028, 12/01/2022: 253167, 01/01/2023: 186472, 02/01/2023: 161972, 03/01/2023: 186472, 04/01/2023: 225945, 05/01/2023: 193278, 06/01/2023: 185111, 07/01/2023: 285834, 08/01/2023: 168778, 09/01/2023: 167417, 10/01/2023: 205528, 11/01/2023: 145639, 12/01/2023: 208250, 01/01/2024: 185111, 02/01/2024: 187834, 03/01/2024: 196000, 04/01/2024: 174222, 05/01/2024: 236834, 06/01/2024: 268139, 07/01/2024: 209611, 08/01/2024: 217778, 09/01/2024: 240917, 10/01/2024: 245000, 11/01/2024: 213695, 12/01/2024: 279028, 01/01/2025: 215056, 02/01/2025: 243639, 03/01/2025: 318501, 04/01/2025: 249084, 05/01/2025: 228667, 06/01/2025: 246362"
17,TripIt,SAP SE,SAP,XETRA,EODHD,"06/30/2020: 124.32, 07/31/2020: 133.78, 08/31/2020: 138.04, 09/30/2020: 132.76, 10/31/2020: 91.49, 11/30/2020: 101.98, 12/31/2020: 107.22, 01/31/2021: 104.80, 02/28/2021: 102.06, 03/31/2021: 104.42, 04/30/2021: 116.76, 05/31/2021: 113.52, 06/30/2021: 118.84, 07/31/2021: 120.84, 08/31/2021: 127.46, 09/30/2021: 116.88, 10/31/2021: 125.32, 11/30/2021: 113.18, 12/31/2021: 124.90, 01/31/2022: 110.40, 02/28/2022: 101.32, 03/31/2022: 101.12, 04/30/2022: 97.56, 05/31/2022: 92.79, 06/30/2022: 86.93, 07/31/2022: 90.68, 08/31/2022: 84.94, 09/30/2022: 84.12, 10/31/2022: 97.67, 11/30/2022: 104.46, 12/31/2022: 96.39, 01/31/2023: 108.38, 02/28/2023: 107.48, 03/31/2023: 116.06, 04/30/2023: 122.86, 05/31/2023: 122.18, 06/30/2023: 125.14, 07/31/2023: 124.40, 08/31/2023: 128.82, 09/30/2023: 122.82, 10/31/2023: 126.74, 11/30/2023: 145.48, 12/31/2023: 139.48, 01/31/2024: 160.80, 02/29/2024: 172.88, 03/31/2024: 180.46, 04/30/2024: 169.70, 05/31/2024: 165.96, 06/30/2024: 189.52, 07/31/2024: 195.02, 08/31/2024: 197.72, 09/30/2024: 204.40, 10/31/2024: 214.80, 11/30/2024: 224.90, 12/31/2024: 236.30, 01/31/2025: 268.50, 02/28/2025: 265.30, 03/31/2025: 244.40, 04/30/2025: 255.30, 05/31/2025: 265.90, 06/30/2025: 247.75","07/01/2020: 163811, 08/01/2020: 233145, 09/01/2020: 124192, 10/01/2020: 120382, 11/01/2020: 137144, 12/01/2020: 132573, 01/01/2021: 217907, 02/01/2021: 177526, 03/01/2021: 118096, 04/01/2021: 131811, 05/01/2021: 134858, 06/01/2021: 86096, 07/01/2021: 91429, 08/01/2021: 155430, 09/01/2021: 116572, 10/01/2021: 147811, 11/01/2021: 107429, 12/01/2021: 127239, 01/01/2022: 171430, 02/01/2022: 161525, 03/01/2022: 112763, 04/01/2022: 112763, 05/01/2022: 166097, 06/01/2022: 98286, 07/01/2022: 146287, 08/01/2022: 134096, 09/01/2022: 140192, 10/01/2022: 112763, 11/01/2022: 72381, 12/01/2022: 128763, 01/01/2023: 109715, 02/01/2023: 87620, 03/01/2023: 96001, 04/01/2023: 118858, 05/01/2023: 93715, 06/01/2023: 104382, 07/01/2023: 112763, 08/01/2023: 97525, 09/01/2023: 88382, 10/01/2023: 92191, 11/01/2023: 64000, 12/01/2023: 98286, 01/01/2024: 80001, 02/01/2024: 77715, 03/01/2024: 102096, 04/01/2024: 96001, 05/01/2024: 99810, 06/01/2024: 130287, 07/01/2024: 103620, 08/01/2024: 90667, 09/01/2024: 128001, 10/01/2024: 112001, 11/01/2024: 102858, 12/01/2024: 98286, 01/01/2025: 96763, 02/01/2025: 104382, 03/01/2025: 135620, 04/01/2025: 99048, 05/01/2025: 95239, 06/01/2025: 89144"
18,Ev3,Medtronic,MDT,US,EODHD,"06/30/2020: 91.70, 07/31/2020: 96.48, 08/31/2020: 107.47, 09/30/2020: 103.92, 10/31/2020: 100.57, 11/30/2020: 113.70, 12/31/2020: 117.14, 01/31/2021: 111.33, 02/28/2021: 116.97, 03/31/2021: 118.13, 04/30/2021: 130.92, 05/31/2021: 126.59, 06/30/2021: 124.13, 07/31/2021: 131.31, 08/31/2021: 133.48, 09/30/2021: 125.35, 10/31/2021: 119.86, 11/30/2021: 106.70, 12/31/2021: 103.45, 01/31/2022: 103.49, 02/28/2022: 104.99, 03/31/2022: 110.95, 04/30/2022: 104.36, 05/31/2022: 100.15, 06/30/2022: 89.75, 07/31/2022: 92.52, 08/31/2022: 87.92, 09/30/2022: 80.75, 10/31/2022: 87.34, 11/30/2022: 79.04, 12/31/2022: 77.72, 01/31/2023: 83.69, 02/28/2023: 82.80, 03/31/2023: 80.62, 04/30/2023: 90.95, 05/31/2023: 82.76, 06/30/2023: 88.10, 07/31/2023: 87.76, 08/31/2023: 81.50, 09/30/2023: 78.36, 10/31/2023: 70.56, 11/30/2023: 79.27, 12/31/2023: 82.38, 01/31/2024: 87.54, 02/29/2024: 83.36, 03/31/2024: 87.15, 04/30/2024: 80.24, 05/31/2024: 81.37, 06/30/2024: 78.71, 07/31/2024: 80.32, 08/31/2024: 88.58, 09/30/2024: 90.03, 10/31/2024: 89.25, 11/30/2024: 86.54, 12/31/2024: 79.88, 01/31/2025: 90.82, 02/28/2025: 92.02, 03/31/2025: 89.86, 04/30/2025: 84.76, 05/31/2025: 82.98, 06/30/2025: 85.73","07/01/2020: 46608, 08/01/2020: 43766, 09/01/2020: 39930, 10/01/2020: 39645, 11/01/2020: 39788, 12/01/2020: 41919, 01/01/2021: 55561, 02/01/2021: 35667, 03/01/2021: 29841, 04/01/2021: 32114, 05/01/2021: 33251, 06/01/2021: 32114, 07/01/2021: 33109, 08/01/2021: 44193, 09/01/2021: 29130, 10/01/2021: 39361, 11/01/2021: 26004, 12/01/2021: 22167, 01/01/2022: 30977, 02/01/2022: 24299, 03/01/2022: 24157, 04/01/2022: 21599, 05/01/2022: 26004, 06/01/2022: 19467, 07/01/2022: 24014, 08/01/2022: 18899, 09/01/2022: 18757, 10/01/2022: 22878, 11/01/2022: 19467, 12/01/2022: 18757, 01/01/2023: 16199, 02/01/2023: 14352, 03/01/2023: 15488, 04/01/2023: 15488, 05/01/2023: 13641, 06/01/2023: 9520, 07/01/2023: 14067, 08/01/2023: 9947, 09/01/2023: 11083, 10/01/2023: 17620, 11/01/2023: 12931, 12/01/2023: 15204, 01/01/2024: 11794, 02/01/2024: 11936, 03/01/2024: 14636, 04/01/2024: 15773, 05/01/2024: 21883, 06/01/2024: 22736, 07/01/2024: 18757, 08/01/2024: 18188, 09/01/2024: 30693, 10/01/2024: 25862, 11/01/2024: 31972, 12/01/2024: 33109, 01/01/2025: 31404, 02/01/2025: 28562, 03/01/2025: 43482, 04/01/2025: 28135, 05/01/2025: 27283, 06/01/2025: 22736"
19,Edgard & Cooper,General Mills,GIS,US,EODHD,"06/30/2020: 61.65, 07/31/2020: 63.27, 08/31/2020: 63.95, 09/30/2020: 61.68, 10/31/2020: 59.12, 11/30/2020: 60.82, 12/31/2020: 58.80, 01/31/2021: 58.10, 02/28/2021: 55.01, 03/31/2021: 61.32, 04/30/2021: 60.86, 05/31/2021: 62.86, 06/30/2021: 60.93, 07/31/2021: 58.86, 08/31/2021: 57.81, 09/30/2021: 59.82, 10/31/2021: 61.80, 11/30/2021: 61.77, 12/31/2021: 67.38, 01/31/2022: 68.68, 02/28/2022: 67.43, 03/31/2022: 67.72, 04/30/2022: 70.73, 05/31/2022: 69.85, 06/30/2022: 75.45, 07/31/2022: 74.79, 08/31/2022: 76.80, 09/30/2022: 76.61, 10/31/2022: 81.58, 11/30/2022: 85.30, 12/31/2022: 83.85, 01/31/2023: 78.36, 02/28/2023: 79.51, 03/31/2023: 85.46, 04/30/2023: 88.63, 05/31/2023: 84.16, 06/30/2023: 76.70, 07/31/2023: 74.74, 08/31/2023: 67.66, 09/30/2023: 63.99, 10/31/2023: 65.24, 11/30/2023: 63.66, 12/31/2023: 65.14, 01/31/2024: 64.91, 02/29/2024: 64.18, 03/31/2024: 69.97, 04/30/2024: 70.46, 05/31/2024: 68.75, 06/30/2024: 63.26, 07/31/2024: 67.14, 08/31/2024: 72.29, 09/30/2024: 73.85, 10/31/2024: 68.02, 11/30/2024: 66.26, 12/31/2024: 63.77, 01/31/2025: 60.14, 02/28/2025: 60.62, 03/31/2025: 59.79, 04/30/2025: 56.74, 05/31/2025: 54.26, 06/30/2025: 52.96","07/01/2020: 0, 08/01/2020: 0, 09/01/2020: 0, 10/01/2020: 0, 11/01/2020: 0, 12/01/2020: 0, 01/01/2021: 0, 02/01/2021: 0, 03/01/2021: 0, 04/01/2021: 0, 05/01/2021: 0, 06/01/2021: 0, 07/01/2021: 0, 08/01/2021: 0, 09/01/2021: 0, 10/01/2021: 0, 11/01/2021: 0, 12/01/2021: 0, 01/01/2022: 0, 02/01/2022: 0, 03/01/2022: 0, 04/01/2022: 0, 05/01/2022: 0, 06/01/2022: 0, 07/01/2022: 0, 08/01/2022: 0, 09/01/2022: 0, 10/01/2022: 0, 11/01/2022: 0, 12/01/2022: 0, 01/01/2023: 0, 02/01/2023: 0, 03/01/2023: 0, 04/01/2023: 0, 05/01/2023: 0, 06/01/2023: 0, 07/01/2023: 0, 08/01/2023: 0, 09/01/2023: 0, 10/01/2023: 0, 11/01/2023: 0, 12/01/2023: 0, 01/01/2024: 0, 02/01/2024: 0, 03/01/2024: 0, 04/01/2024: 0, 05/01/2024: 0, 06/01/2024: 0, 07/01/2024: 0, 08/01/2024: 0, 09/01/2024: 0, 10/01/2024: 0, 11/01/2024: 0, 12/01/2024: 0, 01/01/2025: 0, 02/01/2025: 0, 03/01/2025: 0, 04/01/2025: 0, 05/01/2025: 0, 06/01/2025: 0"
20,Insendi,Study Group,STG,LSE,EODHD,"02/28/2022: 170.00, 03/31/2022: 152.50, 04/30/2022: 152.50, 05/31/2022: 97.50, 06/30/2022: 99.00, 07/31/2022: 102.50, 08/31/2022: 72.50, 09/30/2022: 60.00, 10/31/2022: 72.50, 11/30/2022: 70.00, 12/31/2022: 65.00, 01/31/2023: 65.00, 02/28/2023: 55.00, 03/31/2023: 45.00, 04/30/2023: 52.50, 05/31/2023: 37.50, 06/30/2023: 65.00, 07/31/2023: 55.00, 08/31/2023: 67.50, 09/30/2023: 65.00, 10/31/2023: 42.50, 11/30/2023: 42.50, 12/31/2023: 42.50, 01/31/2024: 45.00, 02/29/2024: 37.50, 03/31/2024: 34.00, 04/30/2024: 46.00, 05/31/2024: 46.00, 06/30/2024: 57.00, 07/31/2024: 42.50, 08/31/2024: 42.50, 09/30/2024: 35.00, 10/31/2024: 37.50, 11/30/2024: 36.50, 12/31/2024: 38.50, 01/31/2025: 32.50, 02/28/2025: 24.50, 03/31/2025: 18.50, 04/30/2025: 18.50, 05/31/2025: 19.00, 06/30/2025: 24.50","07/01/2020: 0, 08/01/2020: 5885, 09/01/2020: 0, 10/01/2020: 0, 11/01/2020: 5885, 12/01/2020: 717970, 01/01/2021: 5885, 02/01/2021: 5885, 03/01/2021: 0, 04/01/2021: 0, 05/01/2021: 11770, 06/01/2021: 0, 07/01/2021: 0, 08/01/2021: 5885, 09/01/2021: 0, 10/01/2021: 0, 11/01/2021: 0, 12/01/2021: 5885, 01/01/2022: 5885, 02/01/2022: 52965, 03/01/2022: 76505, 04/01/2022: 0, 05/01/2022: 0, 06/01/2022: 0, 07/01/2022: 52965, 08/01/2022: 0, 09/01/2022: 0, 10/01/2022: 11770, 11/01/2022: 5885, 12/01/2022: 0, 01/01/2023: 5885, 02/01/2023: 35310, 03/01/2023: 0, 04/01/2023: 23540, 05/01/2023: 111815, 06/01/2023: 11770, 07/01/2023: 5885, 08/01/2023: 0, 09/01/2023: 11770, 10/01/2023: 35310, 11/01/2023: 29425, 12/01/2023: 82390, 01/01/2024: 100045, 02/01/2024: 76505, 03/01/2024: 88275, 04/01/2024: 82390, 05/01/2024: 82390, 06/01/2024: 64735, 07/01/2024: 29425, 08/01/2024: 76505, 09/01/2024: 52965, 10/01/2024: 70620, 11/01/2024: 64735, 12/01/2024: 35310, 01/01/2025: 35310, 02/01/2025: 23540, 03/01/2025: 29425, 04/01/2025: 23540, 05/01/2025: 5885, 06/01/2025: 5885"
21,Reply,Reply S.p.A.,REY,MI,yfinance,"06/30/2020: 69.30, 07/31/2020: 74.75, 08/31/2020: 89.70, 09/30/2020: 94.95, 10/31/2020: 89.02, 11/30/2020: 90.37, 12/31/2020: 91.92, 01/31/2021: 97.41, 02/28/2021: 92.69, 03/31/2021: 104.07, 04/30/2021: 109.08, 05/31/2021: 127.37, 06/30/2021: 134.34, 07/31/2021: 146.07, 08/31/2021: 165.65, 09/30/2021: 154.51, 10/31/2021: 162.55, 11/30/2021: 166.04, 12/31/2021: 173.21, 01/31/2022: 143.55, 02/28/2022: 141.23, 03/31/2022: 145.39, 04/30/2022: 136.96, 05/31/2022: 123.64, 06/30/2022: 112.91, 07/31/2022: 124.91, 08/31/2022: 114.96, 09/30/2022: 105.00, 10/31/2022: 107.44, 11/30/2022: 110.08, 12/31/2022: 104.42, 01/31/2023: 116.03, 02/28/2023: 111.05, 03/31/2023: 112.71, 04/30/2023: 102.95, 05/31/2023: 99.69, 06/30/2023: 102.55, 07/31/2023: 97.13, 08/31/2023: 93.04, 09/30/2023: 87.72, 10/31/2023: 87.53, 11/30/2023: 105.60, 12/31/2023: 117.72, 01/31/2024: 125.60, 02/29/2024: 126.29, 03/31/2024: 129.24, 04/30/2024: 121.17, 05/31/2024: 125.43, 06/30/2024: 136.75, 07/31/2024: 130.20, 08/31/2024: 141.61, 09/30/2024: 134.17, 10/31/2024: 139.23, 11/30/2024: 150.34, 12/31/2024: 152.23, 01/31/2025: 158.38, 02/28/2025: 153.02, 03/31/2025: 149.65, 04/30/2025: 155.60, 05/31/2025: 148.50, 06/30/2025: 144.30","07/01/2020: 169470, 08/01/2020: 209954, 09/01/2020: 141225, 10/01/2020: 146403, 11/01/2020: 164762, 12/01/2020: 141695, 01/01/2021: 151110, 02/01/2021: 109214, 03/01/2021: 98857, 04/01/2021: 102623, 05/01/2021: 118158, 06/01/2021: 89442, 07/01/2021: 88501, 08/01/2021: 104977, 09/01/2021: 86618, 10/01/2021: 101682, 11/01/2021: 75790, 12/01/2021: 95091, 01/01/2022: 120041, 02/01/2022: 90384, 03/01/2022: 85205, 04/01/2022: 86618, 05/01/2022: 103565, 06/01/2022: 79086, 07/01/2022: 93679, 08/01/2022: 76261, 09/01/2022: 73437, 10/01/2022: 92267, 11/01/2022: 74378, 12/01/2022: 75790, 01/01/2023: 87088, 02/01/2023: 71083, 03/01/2023: 67788, 04/01/2023: 85205, 05/01/2023: 62609, 06/01/2023: 58373, 07/01/2023: 75320, 08/01/2023: 61197, 09/01/2023: 58373, 10/01/2023: 70141, 11/01/2023: 52253, 12/01/2023: 61668, 01/01/2024: 48958, 02/01/2024: 44250, 03/01/2024: 56019, 04/01/2024: 48958, 05/01/2024: 49428, 06/01/2024: 64492, 07/01/2024: 49899, 08/01/2024: 49428, 09/01/2024: 61197, 10/01/2024: 47545, 11/01/2024: 45662, 12/01/2024: 56019, 01/01/2025: 46604, 02/01/2025: 46133, 03/01/2025: 56490, 04/01/2025: 41896, 05/01/2025: 39543, 06/01/2025: 39543"
22,Loungebuddy,American Express,AXP,US,EODHD,"06/30/2020: 95.20, 07/31/2020: 93.32, 08/31/2020: 101.59, 09/30/2020: 100.25, 10/31/2020: 91.24, 11/30/2020: 118.59, 12/31/2020: 120.91, 01/31/2021: 116.26, 02/28/2021: 135.26, 03/31/2021: 141.44, 04/30/2021: 153.35, 05/31/2021: 160.13, 06/30/2021: 165.23, 07/31/2021: 170.53, 08/31/2021: 165.96, 09/30/2021: 167.53, 10/31/2021: 173.78, 11/30/2021: 152.30, 12/31/2021: 163.60, 01/31/2022: 179.82, 02/28/2022: 194.54, 03/31/2022: 187.00, 04/30/2022: 174.71, 05/31/2022: 168.82, 06/30/2022: 138.62, 07/31/2022: 154.02, 08/31/2022: 152.00, 09/30/2022: 134.91, 10/31/2022: 148.45, 11/30/2022: 157.59, 12/31/2022: 147.75, 01/31/2023: 174.93, 02/28/2023: 173.99, 03/31/2023: 164.95, 04/30/2023: 161.34, 05/31/2023: 158.56, 06/30/2023: 174.20, 07/31/2023: 168.88, 08/31/2023: 157.99, 09/30/2023: 149.19, 10/31/2023: 146.03, 11/30/2023: 170.77, 12/31/2023: 187.34, 01/31/2024: 200.74, 02/29/2024: 219.42, 03/31/2024: 227.69, 04/30/2024: 234.03, 05/31/2024: 240.00, 06/30/2024: 231.55, 07/31/2024: 253.04, 08/31/2024: 258.65, 09/30/2024: 271.20, 10/31/2024: 270.08, 11/30/2024: 304.68, 12/31/2024: 296.79, 01/31/2025: 317.45, 02/28/2025: 300.96, 03/31/2025: 269.05, 04/30/2025: 266.41, 05/31/2025: 294.05, 06/30/2025: 296.42","07/01/2020: 20644, 08/01/2020: 66764, 09/01/2020: 31185, 10/01/2020: 18887, 11/01/2020: 14934, 12/01/2020: 8345, 01/01/2021: 24158, 02/01/2021: 20644, 03/01/2021: 15812, 04/01/2021: 14494, 05/01/2021: 8345, 06/01/2021: 21961, 07/01/2021: 7906, 08/01/2021: 13177, 09/01/2021: 10541, 10/01/2021: 20204, 11/01/2021: 14494, 12/01/2021: 9224, 01/01/2022: 10102, 02/01/2022: 10102, 03/01/2022: 10980, 04/01/2022: 16251, 05/01/2022: 18887, 06/01/2022: 23279, 07/01/2022: 32503, 08/01/2022: 16251, 09/01/2022: 13616, 10/01/2022: 11859, 11/01/2022: 16691, 12/01/2022: 11420, 01/01/2023: 25915, 02/01/2023: 16691, 03/01/2023: 16251, 04/01/2023: 25475, 05/01/2023: 47876, 06/01/2023: 35578, 07/01/2023: 32064, 08/01/2023: 24158, 09/01/2023: 20204, 10/01/2023: 19326, 11/01/2023: 16691, 12/01/2023: 20644, 01/01/2024: 16251, 02/01/2024: 13616, 03/01/2024: 16251, 04/01/2024: 15373, 05/01/2024: 16251, 06/01/2024: 31185, 07/01/2024: 17130, 08/01/2024: 20644, 09/01/2024: 25915, 10/01/2024: 19326, 11/01/2024: 53587, 12/01/2024: 21522, 01/01/2025: 18887, 02/01/2025: 12298, 03/01/2025: 13177, 04/01/2025: 10541, 05/01/2025: 7906, 06/01/2025: 9224"
23,Zesty Paws,H&H Group,6078,HK,yfinance,"06/30/2020: 26.56, 07/31/2020: 31.73, 08/31/2020: 40.59, 09/30/2020: 46.21, 10/31/2020: 47.75, 11/30/2020: 48.79, 12/31/2020: 48.84, 01/31/2021: 59.64, 02/28/2021: 56.10, 03/31/2021: 56.15, 04/30/2021: 60.78, 05/31/2021: 89.33, 06/30/2021: 101.61, 07/31/2021: 77.25, 08/31/2021: 60.07, 09/30/2021: 57.88, 10/31/2021: 68.34, 11/30/2021: 60.42, 12/31/2021: 48.61, 01/31/2022: 34.92, 02/28/2022: 42.24, 03/31/2022: 30.43, 04/30/2022: 38.55, 05/31/2022: 43.38, 06/30/2022: 51.95, 07/31/2022: 44.98, 08/31/2022: 42.49, 09/30/2022: 44.18, 10/31/2022: 33.87, 11/30/2022: 48.66, 12/31/2022: 55.78, 01/31/2023: 61.71, 02/28/2023: 56.83, 03/31/2023: 55.59, 04/30/2023: 57.28, 05/31/2023: 45.87, 06/30/2023: 42.40, 07/31/2023: 50.35, 08/31/2023: 39.65, 09/30/2023: 43.90, 10/31/2023: 47.25, 11/30/2023: 48.10, 12/31/2023: 35.30, 01/31/2024: 25.35, 02/29/2024: 29.45, 03/31/2024: 31.90, 04/30/2024: 32.45, 05/31/2024: 32.75, 06/30/2024: 28.15, 07/31/2024: 21.05, 08/31/2024: 19.58, 09/30/2024: 23.70, 10/31/2024: 17.60, 11/30/2024: 16.04, 12/31/2024: 14.30, 01/31/2025: 12.70, 02/28/2025: 14.76, 03/31/2025: 13.44, 04/30/2025: 14.04, 05/31/2025: 15.32, 06/30/2025: 14.52","07/01/2020: 4628, 08/01/2020: 4912, 09/01/2020: 5399, 10/01/2020: 4344, 11/01/2020: 5562, 12/01/2020: 3288, 01/01/2021: 7105, 02/01/2021: 6577, 03/01/2021: 3694, 04/01/2021: 4506, 05/01/2021: 4100, 06/01/2021: 6455, 07/01/2021: 5399, 08/01/2021: 7186, 09/01/2021: 5034, 10/01/2021: 6496, 11/01/2021: 6090, 12/01/2021: 6009, 01/01/2022: 7876, 02/01/2022: 6374, 03/01/2022: 5034, 04/01/2022: 4141, 05/01/2022: 12099, 06/01/2022: 9338, 07/01/2022: 11977, 08/01/2022: 10272, 09/01/2022: 7957, 10/01/2022: 11733, 11/01/2022: 13073, 12/01/2022: 7592, 01/01/2023: 8566, 02/01/2023: 7795, 03/01/2023: 6942, 04/01/2023: 7551, 05/01/2023: 5968, 06/01/2023: 6658, 07/01/2023: 7186, 08/01/2023: 8160, 09/01/2023: 5399, 10/01/2023: 8688, 11/01/2023: 5237, 12/01/2023: 5765, 01/01/2024: 4547, 02/01/2024: 5481, 03/01/2024: 6496, 04/01/2024: 5806, 05/01/2024: 8120, 06/01/2024: 7551, 07/01/2024: 6861, 08/01/2024: 5806, 09/01/2024: 6983, 10/01/2024: 6983, 11/01/2024: 5562, 12/01/2024: 6130, 01/01/2025: 4831, 02/01/2025: 5196, 03/01/2025: 8891, 04/01/2025: 7024, 05/01/2025: 7470, 06/01/2025: 5806"
24,Well people,"e.l.f. Beauty, Inc.",ELF,US,EODHD,"06/30/2020: 19.07, 07/31/2020: 17.86, 08/31/2020: 19.53, 09/30/2020: 18.37, 10/31/2020: 20.27, 11/30/2020: 21.74, 12/31/2020: 25.19, 01/31/2021: 21.76, 02/28/2021: 25.65, 03/31/2021: 26.83, 04/30/2021: 30.25, 05/31/2021: 28.00, 06/30/2021: 27.14, 07/31/2021: 27.61, 08/31/2021: 30.95, 09/30/2021: 29.05, 10/31/2021: 32.31, 11/30/2021: 30.12, 12/31/2021: 33.21, 01/31/2022: 29.56, 02/28/2022: 26.43, 03/31/2022: 25.83, 04/30/2022: 24.33, 05/31/2022: 26.62, 06/30/2022: 30.68, 07/31/2022: 33.53, 08/31/2022: 38.13, 09/30/2022: 37.62, 10/31/2022: 43.26, 11/30/2022: 54.96, 12/31/2022: 55.30, 01/31/2023: 57.55, 02/28/2023: 74.75, 03/31/2023: 82.35, 04/30/2023: 92.76, 05/31/2023: 104.02, 06/30/2023: 114.23, 07/31/2023: 116.72, 08/31/2023: 138.71, 09/30/2023: 109.83, 10/31/2023: 92.63, 11/30/2023: 118.09, 12/31/2023: 144.34, 01/31/2024: 159.53, 02/29/2024: 208.53, 03/31/2024: 196.03, 04/30/2024: 162.53, 05/31/2024: 186.91, 06/30/2024: 210.72, 07/31/2024: 172.58, 08/31/2024: 149.79, 09/30/2024: 109.03, 10/31/2024: 105.25, 11/30/2024: 129.52, 12/31/2024: 125.55, 01/31/2025: 99.91, 02/28/2025: 70.25, 03/31/2025: 62.79, 04/30/2025: 61.87, 05/31/2025: 112.49, 06/30/2025: 122.24","07/01/2020: 6392, 08/01/2020: 7862, 09/01/2020: 5252, 10/01/2020: 5417, 11/01/2020: 6094, 12/01/2020: 5169, 01/01/2021: 5665, 02/01/2021: 4195, 03/01/2021: 3881, 04/01/2021: 3980, 05/01/2021: 4806, 06/01/2021: 3633, 07/01/2021: 3749, 08/01/2021: 4426, 09/01/2021: 3600, 10/01/2021: 4344, 11/01/2021: 3336, 12/01/2021: 3980, 01/01/2022: 4872, 02/01/2022: 3749, 03/01/2022: 3567, 04/01/2022: 3683, 05/01/2022: 4525, 06/01/2022: 3485, 07/01/2022: 4311, 08/01/2022: 3468, 09/01/2022: 3319, 10/01/2022: 4030, 11/01/2022: 3237, 12/01/2022: 3187, 01/01/2023: 3006, 02/01/2023: 3501, 03/01/2023: 3419, 04/01/2023: 4344, 05/01/2023: 2741, 06/01/2023: 2081, 07/01/2023: 2114, 08/01/2023: 1982, 09/01/2023: 2807, 10/01/2023: 3815, 11/01/2023: 2807, 12/01/2023: 2758, 01/01/2024: 2494, 02/01/2024: 2609, 03/01/2024: 3121, 04/01/2024: 2560, 05/01/2024: 1833, 06/01/2024: 1866, 07/01/2024: 1470, 08/01/2024: 1503, 09/01/2024: 2444, 10/01/2024: 2229, 11/01/2024: 2015, 12/01/2024: 2081, 01/01/2025: 1701, 02/01/2025: 1916, 03/01/2025: 2378, 04/01/2025: 1998, 05/01/2025: 1717, 06/01/2025: 1437"
25,Trupanion,"Trupanion, Inc.",TRUP,US,EODHD,"06/30/2020: 42.69, 07/31/2020: 50.57, 08/31/2020: 62.73, 09/30/2020: 78.90, 10/31/2020: 71.54, 11/30/2020: 101.38, 12/31/2020: 119.71, 01/31/2021: 112.20, 02/28/2021: 96.76, 03/31/2021: 76.21, 04/30/2021: 81.10, 05/31/2021: 90.17, 06/30/2021: 115.10, 07/31/2021: 115.02, 08/31/2021: 91.58, 09/30/2021: 77.67, 10/31/2021: 102.40, 11/30/2021: 123.32, 12/31/2021: 132.03, 01/31/2022: 95.25, 02/28/2022: 89.63, 03/31/2022: 89.12, 04/30/2022: 63.62, 05/31/2022: 66.88, 06/30/2022: 60.26, 07/31/2022: 63.03, 08/31/2022: 70.58, 09/30/2022: 59.43, 10/31/2022: 50.47, 11/30/2022: 52.27, 12/31/2022: 47.53, 01/31/2023: 59.02, 02/28/2023: 59.38, 03/31/2023: 42.89, 04/30/2023: 35.11, 05/31/2023: 22.47, 06/30/2023: 19.68, 07/31/2023: 30.85, 08/31/2023: 29.73, 09/30/2023: 28.20, 10/31/2023: 20.60, 11/30/2023: 25.72, 12/31/2023: 30.51, 01/31/2024: 27.20, 02/29/2024: 26.75, 03/31/2024: 27.61, 04/30/2024: 22.50, 05/31/2024: 29.87, 06/30/2024: 29.40, 07/31/2024: 37.06, 08/31/2024: 45.73, 09/30/2024: 41.98, 10/31/2024: 54.78, 11/30/2024: 53.31, 12/31/2024: 48.20, 01/31/2025: 47.44, 02/28/2025: 34.54, 03/31/2025: 37.27, 04/30/2025: 36.60, 05/31/2025: 47.19, 06/30/2025: 54.71","07/01/2020: 48298, 08/01/2020: 71948, 09/01/2020: 48964, 10/01/2020: 47632, 11/01/2020: 63620, 12/01/2020: 46966, 01/01/2021: 64953, 02/01/2021: 59623, 03/01/2021: 38638, 04/01/2021: 66951, 05/01/2021: 63287, 06/01/2021: 42968, 07/01/2021: 57625, 08/01/2021: 76611, 09/01/2021: 52961, 10/01/2021: 75612, 11/01/2021: 54294, 12/01/2021: 59623, 01/01/2022: 64619, 02/01/2022: 64619, 03/01/2022: 40637, 04/01/2022: 77277, 05/01/2022: 60955, 06/01/2022: 57291, 07/01/2022: 93599, 08/01/2022: 56292, 09/01/2022: 78609, 10/01/2022: 95597, 11/01/2022: 67284, 12/01/2022: 52628, 01/01/2023: 75945, 02/01/2023: 52628, 03/01/2023: 51962, 04/01/2023: 77943, 05/01/2023: 62621, 06/01/2023: 52628, 07/01/2023: 68617, 08/01/2023: 46632, 09/01/2023: 56625, 10/01/2023: 58957, 11/01/2023: 40970, 12/01/2023: 56292, 01/01/2024: 57958, 02/01/2024: 62621, 03/01/2024: 54960, 04/01/2024: 56292, 05/01/2024: 49297, 06/01/2024: 79276, 07/01/2024: 56958, 08/01/2024: 51629, 09/01/2024: 77610, 10/01/2024: 52628, 11/01/2024: 52961, 12/01/2024: 86604, 01/01/2025: 59956, 02/01/2025: 47632, 03/01/2025: 64953, 04/01/2025: 44634, 05/01/2025: 45300, 06/01/2025: 50297"
26,Virbac,Virbac SA,VIRP,PA,EODHD,"06/30/2020: 195.00, 07/31/2020: 184.60, 08/31/2020: 188.00, 09/30/2020: 197.60, 10/31/2020: 199.80, 11/30/2020: 217.00, 12/31/2020: 238.00, 01/31/2021: 214.50, 02/28/2021: 202.50, 03/31/2021: 219.50, 04/30/2021: 270.00, 05/31/2021: 267.00, 06/30/2021: 289.00, 07/31/2021: 340.50, 08/31/2021: 358.00, 09/30/2021: 371.00, 10/31/2021: 437.50, 11/30/2021: 414.00, 12/31/2021: 424.50, 01/31/2022: 355.50, 02/28/2022: 366.00, 03/31/2022: 363.00, 04/30/2022: 386.00, 05/31/2022: 378.50, 06/30/2022: 371.50, 07/31/2022: 360.00, 08/31/2022: 370.00, 09/30/2022: 267.00, 10/31/2022: 248.00, 11/30/2022: 243.50, 12/31/2022: 228.00, 01/31/2023: 278.50, 02/28/2023: 283.00, 03/31/2023: 296.00, 04/30/2023: 309.50, 05/31/2023: 285.00, 06/30/2023: 270.50, 07/31/2023: 280.00, 08/31/2023: 276.00, 09/30/2023: 256.00, 10/31/2023: 271.00, 11/30/2023: 286.50, 12/31/2023: 359.50, 01/31/2024: 334.00, 02/29/2024: 332.00, 03/31/2024: 346.00, 04/30/2024: 347.00, 05/31/2024: 358.00, 06/30/2024: 326.50, 07/31/2024: 352.00, 08/31/2024: 347.50, 09/30/2024: 383.00, 10/31/2024: 347.50, 11/30/2024: 324.00, 12/31/2024: 316.50, 01/31/2025: 324.00, 02/28/2025: 304.50, 03/31/2025: 294.50, 04/30/2025: 310.15, 05/31/2025: 333.00, 06/30/2025: 323.00","07/01/2020: 22079, 08/01/2020: 18670, 09/01/2020: 23396, 10/01/2020: 18283, 11/01/2020: 21614, 12/01/2020: 13557, 01/01/2021: 22467, 02/01/2021: 17198, 03/01/2021: 16501, 04/01/2021: 18051, 05/01/2021: 28432, 06/01/2021: 17276, 07/01/2021: 16734, 08/01/2021: 23009, 09/01/2021: 15726, 10/01/2021: 20220, 11/01/2021: 17508, 12/01/2021: 16501, 01/01/2022: 27347, 02/01/2022: 20065, 03/01/2022: 16734, 04/01/2022: 20375, 05/01/2022: 19523, 06/01/2022: 18515, 07/01/2022: 22467, 08/01/2022: 16889, 09/01/2022: 19058, 10/01/2022: 30756, 11/01/2022: 19833, 12/01/2022: 18128, 01/01/2023: 17431, 02/01/2023: 13015, 03/01/2023: 16656, 04/01/2023: 18748, 05/01/2023: 12085, 06/01/2023: 15029, 07/01/2023: 21924, 08/01/2023: 16734, 09/01/2023: 13092, 10/01/2023: 17121, 11/01/2023: 11930, 12/01/2023: 17741, 01/01/2024: 16501, 02/01/2024: 13170, 03/01/2024: 18051, 04/01/2024: 19058, 05/01/2024: 14254, 06/01/2024: 19290, 07/01/2024: 18128, 08/01/2024: 19833, 09/01/2024: 21382, 10/01/2024: 15726, 11/01/2024: 19445, 12/01/2024: 18206, 01/01/2025: 15649, 02/01/2025: 14177, 03/01/2025: 18980, 04/01/2025: 13790, 05/01/2025: 16424, 06/01/2025: 17044"
27,Petstock,Woolworths Group,WOW,AU,EODHD,"06/30/2020: 31.58, 07/31/2020: 32.77, 08/31/2020: 33.77, 09/30/2020: 30.86, 10/31/2020: 32.33, 11/30/2020: 31.33, 12/31/2020: 33.30, 01/31/2021: 34.61, 02/28/2021: 33.38, 03/31/2021: 34.62, 04/30/2021: 33.29, 05/31/2021: 35.26, 06/30/2021: 38.13, 07/31/2021: 38.76, 08/31/2021: 41.75, 09/30/2021: 39.35, 10/31/2021: 38.08, 11/30/2021: 40.82, 12/31/2021: 38.01, 01/31/2022: 34.42, 02/28/2022: 35.49, 03/31/2022: 37.26, 04/30/2022: 38.51, 05/31/2022: 34.65, 06/30/2022: 35.60, 07/31/2022: 37.52, 08/31/2022: 36.09, 09/30/2022: 33.95, 10/31/2022: 33.02, 11/30/2022: 34.47, 12/31/2022: 33.56, 01/31/2023: 36.08, 02/28/2023: 36.92, 03/31/2023: 37.90, 04/30/2023: 38.83, 05/31/2023: 37.54, 06/30/2023: 39.73, 07/31/2023: 38.62, 08/31/2023: 38.13, 09/30/2023: 37.32, 10/31/2023: 35.22, 11/30/2023: 34.90, 12/31/2023: 37.20, 01/31/2024: 36.01, 02/29/2024: 32.62, 03/31/2024: 33.17, 04/30/2024: 31.90, 05/31/2024: 31.60, 06/30/2024: 33.79, 07/31/2024: 34.50, 08/31/2024: 35.68, 09/30/2024: 33.30, 10/31/2024: 29.96, 11/30/2024: 30.18, 12/31/2024: 30.49, 01/31/2025: 30.46, 02/28/2025: 30.01, 03/31/2025: 29.55, 04/30/2025: 31.57, 05/31/2025: 31.85, 06/30/2025: 31.81","07/01/2020: 13345, 08/01/2020: 25208, 09/01/2020: 18535, 10/01/2020: 58572, 11/01/2020: 74142, 12/01/2020: 31881, 01/01/2021: 28915, 02/01/2021: 39295, 03/01/2021: 20018, 04/01/2021: 33363, 05/01/2021: 19276, 06/01/2021: 34846, 07/01/2021: 31139, 08/01/2021: 118627, 09/01/2021: 20759, 10/01/2021: 34846, 11/01/2021: 17052, 12/01/2021: 31139, 01/01/2022: 54123, 02/01/2022: 65245, 03/01/2022: 26691, 04/01/2022: 22984, 05/01/2022: 80073, 06/01/2022: 28174, 07/01/2022: 28915, 08/01/2022: 47450, 09/01/2022: 45968, 10/01/2022: 48192, 11/01/2022: 52640, 12/01/2022: 91194, 01/01/2023: 57089, 02/01/2023: 46709, 03/01/2023: 40036, 04/01/2023: 47450, 05/01/2023: 33363, 06/01/2023: 26691, 07/01/2023: 31139, 08/01/2023: 35588, 09/01/2023: 35588, 10/01/2023: 50416, 11/01/2023: 30398, 12/01/2023: 55606, 01/01/2024: 34846, 02/01/2024: 22242, 03/01/2024: 32622, 04/01/2024: 24466, 05/01/2024: 34105, 06/01/2024: 33363, 07/01/2024: 41519, 08/01/2024: 23725, 09/01/2024: 31881, 10/01/2024: 37812, 11/01/2024: 42261, 12/01/2024: 33363, 01/01/2025: 34105, 02/01/2025: 26691, 03/01/2025: 41519, 04/01/2025: 27432, 05/01/2025: 32622, 06/01/2025: 28174"
28,Busuu,Chegg,CHGG,US,EODHD,"06/30/2020: 67.26, 07/31/2020: 80.97, 08/31/2020: 73.74, 09/30/2020: 71.44, 10/31/2020: 73.44, 11/30/2020: 77.93, 12/31/2020: 90.33, 01/31/2021: 95.26, 02/28/2021: 96.53, 03/31/2021: 85.66, 04/30/2021: 90.33, 05/31/2021: 76.91, 06/30/2021: 83.11, 07/31/2021: 88.63, 08/31/2021: 83.22, 09/30/2021: 68.02, 10/31/2021: 59.44, 11/30/2021: 27.85, 12/31/2021: 30.70, 01/31/2022: 26.47, 02/28/2022: 31.27, 03/31/2022: 36.28, 04/30/2022: 24.74, 05/31/2022: 19.46, 06/30/2022: 18.78, 07/31/2022: 21.30, 08/31/2022: 19.68, 09/30/2022: 21.07, 10/31/2022: 21.57, 11/30/2022: 29.84, 12/31/2022: 25.27, 01/31/2023: 20.76, 02/28/2023: 15.89, 03/31/2023: 16.30, 04/30/2023: 17.98, 05/31/2023: 8.98, 06/30/2023: 8.88, 07/31/2023: 10.13, 08/31/2023: 10.21, 09/30/2023: 8.92, 10/31/2023: 7.53, 11/30/2023: 9.93, 12/31/2023: 11.36, 01/31/2024: 9.85, 02/29/2024: 8.94, 03/31/2024: 7.57, 04/30/2024: 5.17, 05/31/2024: 3.83, 06/30/2024: 3.16, 07/31/2024: 3.41, 08/31/2024: 2.16, 09/30/2024: 1.77, 10/31/2024: 1.60, 11/30/2024: 2.11, 12/31/2024: 1.61, 01/31/2025: 1.54, 02/28/2025: 1.09, 03/31/2025: 0.64, 04/30/2025: 0.73, 05/31/2025: 1.02, 06/30/2025: 1.44","07/01/2020: 506026, 08/01/2020: 449041, 09/01/2020: 246174, 10/01/2020: 319115, 11/01/2020: 389776, 12/01/2020: 289483, 01/01/2021: 348747, 02/01/2021: 253013, 03/01/2021: 255292, 04/01/2021: 246174, 05/01/2021: 348747, 06/01/2021: 264410, 07/01/2021: 255292, 08/01/2021: 298601, 09/01/2021: 284924, 10/01/2021: 357865, 11/01/2021: 471835, 12/01/2021: 439923, 01/01/2022: 462717, 02/01/2022: 376100, 03/01/2022: 371541, 04/01/2022: 330512, 05/01/2022: 339630, 06/01/2022: 307718, 07/01/2022: 314556, 08/01/2022: 346468, 09/01/2022: 287204, 10/01/2022: 335071, 11/01/2022: 214263, 12/01/2022: 314556, 01/01/2023: 266689, 02/01/2023: 164116, 03/01/2023: 182351, 04/01/2023: 221101, 05/01/2023: 157278, 06/01/2023: 186910, 07/01/2023: 268968, 08/01/2023: 180072, 09/01/2023: 209704, 10/01/2023: 250733, 11/01/2023: 209704, 12/01/2023: 246174, 01/01/2024: 259851, 02/01/2024: 223380, 03/01/2024: 227939, 04/01/2024: 196028, 05/01/2024: 196028, 06/01/2024: 211983, 07/01/2024: 205145, 08/01/2024: 262130, 09/01/2024: 294042, 10/01/2024: 180072, 11/01/2024: 175513, 12/01/2024: 273527, 01/01/2025: 246174, 02/01/2025: 218822, 03/01/2025: 234777, 04/01/2025: 202866, 05/01/2025: 205145, 06/01/2025: 189190"
